"proxyWallet","asset","conditionId","avgPrice","totalBought","realizedPnl","curPrice","title","slug","icon","eventSlug","outcome","outcomeIndex","oppositeOutcome","oppositeAsset","endDate","timestamp"
"0x2d8b401d2f0e6937afebf18e19e11ca568a5260a","68457893844371092492884431960164572727521088980977330207829781873715759601725","0x3f322612d1d4532f5feba7b0ed1d536fb036e7e10f02fc93f00762f3eb7c6a7e",0.39965200000000006,3125.946961,-1249.290954,0.0,"Bitcoin Up or Down - March 9, 7:35PM-7:40PM ET",btc-updown-5m-1773099300,https://polymarket-upload.s3.us-east-2.amazonaws.com/BTC+fullsize.png,btc-updown-5m-1773099300,Up,0,Down,"36673061551297832169898455810393595198850877967041296027003611901372941210721","2026-03-09T00:00:00Z",1773099735
"0x2d8b401d2f0e6937afebf18e19e11ca568a5260a","36673061551297832169898455810393595198850877967041296027003611901372941210721","0x3f322612d1d4532f5feba7b0ed1d536fb036e7e10f02fc93f00762f3eb7c6a7e",0.48635,3830.637057,1967.606724,1.0,"Bitcoin Up or Down - March 9, 7:35PM-7:40PM ET",btc-updown-5m-1773099300,https://polymarket-upload.s3.us-east-2.amazonaws.com/BTC+fullsize.png,btc-updown-5m-1773099300,Down,1,Up,"68457893844371092492884431960164572727521088980977330207829781873715759601725","2026-03-09T00:00:00Z",1773099734
"0x2d8b401d2f0e6937afebf18e19e11ca568a5260a","73679140084215897118304853515549429583221999607889791486401927187072058882671","0x5eb1bf5f3193ce16f7e76e7a6a6d22f4d28686004816aec07d36d45af48aa730",0.369279,4298.420457,-1587.316407,0.0,"Bitcoin Up or Down - March 9, 7:30PM-7:35PM ET",btc-updown-5m-1773099000,https://polymarket-upload.s3.us-east-2.amazonaws.com/BTC+fullsize.png,btc-updown-5m-1773099000,Up,0,Down,"15397995520370225205257672853275583601718649605033515359570758565905071574468","2026-03-09T00:00:00Z",1773099538
"0x2d8b401d2f0e6937afebf18e19e11ca568a5260a","15397995520370225205257672853275583601718649605033515359570758565905071574468","0x5eb1bf5f3193ce16f7e76e7a6a6d22f4d28686004816aec07d36d45af48aa730",0.641653,4868.49333,1744.609979,1.0,"Bitcoin Up or Down - March 9, 7:30PM-7:35PM ET",btc-updown-5m-1773099000,https://polymarket-upload.s3.us-east-2.amazonaws.com/BTC+fullsize.png,btc-updown-5m-1773099000,Down,1,Up,"73679140084215897118304853515549429583221999607889791486401927187072058882671","2026-03-09T00:00:00Z",1773099538
"0x2d8b401d2f0e6937afebf18e19e11ca568a5260a","63086101800029002301986760024627182189154520995211576919189387655397273687671","0xdfbb36a8134c4c0b36b4a2955e27451b3103e4f96c56c4951f8fb09ad13f628d",0.393581,2714.342673,-1068.313703,0.0,"Bitcoin Up or Down - March 9, 7:25PM-7:30PM ET",btc-updown-5m-1773098700,https://polymarket-upload.s3.us-east-2.amazonaws.com/BTC+fullsize.png,btc-updown-5m-1773098700,Down,1,Up,"5747876487219459993197035524581623731237195818872640949676053543390409762553","2026-03-09T00:00:00Z",1773099336
"0x2d8b401d2f0e6937afebf18e19e11ca568a5260a","5747876487219459993197035524581623731237195818872640949676053543390409762553","0xdfbb36a8134c4c0b36b4a2955e27451b3103e4f96c56c4951f8fb09ad13f628d",0.603567,3995.2053,1583.831222,1.0,"Bitcoin Up or Down - March 9, 7:25PM-7:30PM ET",btc-updown-5m-1773098700,https://polymarket-upload.s3.us-east-2.amazonaws.com/BTC+fullsize.png,btc-updown-5m-1773098700,Up,0,Down,"63086101800029002301986760024627182189154520995211576919189387655397273687671","2026-03-09T00:00:00Z",1773099336
"0x2d8b401d2f0e6937afebf18e19e11ca568a5260a","6723113417346768184511261034316427369455361405712908269688366555274079974550","0xf439953db436c48a76d7f2cdb1dab3649bc5eb4da940fd9cfcf2af355f248646",0.39617300000000005,3795.143853,2291.610327,1.0,"Bitcoin Up or Down - March 9, 7:20PM-7:25PM ET",btc-updown-5m-1773098400,https://polymarket-upload.s3.us-east-2.amazonaws.com/BTC+fullsize.png,btc-updown-5m-1773098400,Up,0,Down,"34061437086977307086736484497251999080357019255071607152248929722170518030642","2026-03-09T00:00:00Z",1773098932
"0x2d8b401d2f0e6937afebf18e19e11ca568a5260a","34061437086977307086736484497251999080357019255071607152248929722170518030642","0xf439953db436c48a76d7f2cdb1dab3649bc5eb4da940fd9cfcf2af355f248646",0.502336,4797.931011,-2410.173472,0.0,"Bitcoin Up or Down - March 9, 7:20PM-7:25PM ET",btc-updown-5m-1773098400,https://polymarket-upload.s3.us-east-2.amazonaws.com/BTC+fullsize.png,btc-updown-5m-1773098400,Down,1,Up,"6723113417346768184511261034316427369455361405712908269688366555274079974550","2026-03-09T00:00:00Z",1773098931
"0x2d8b401d2f0e6937afebf18e19e11ca568a5260a","95699420774981802314536690826709045324768927666034299991116979616697206458625","0x4b59008c82cc5b7427560037d9ed61c0e21f484b1c0969f4f543e2561d149dbf",0.176001,4808.000853,-846.212958,0.0,"Bitcoin Up or Down - March 9, 7:15PM-7:20PM ET",btc-updown-5m-1773098100,https://polymarket-upload.s3.us-east-2.amazonaws.com/BTC+fullsize.png,btc-updown-5m-1773098100,Up,0,Down,"94324881990393604341060209299264812461266560588475857745517135314245849538586","2026-03-09T00:00:00Z",1773098533
"0x2d8b401d2f0e6937afebf18e19e11ca568a5260a","94324881990393604341060209299264812461266560588475857745517135314245849538586","0x4b59008c82cc5b7427560037d9ed61c0e21f484b1c0969f4f543e2561d149dbf",0.802858,4778.953816,942.1325129999999,1.0,"Bitcoin Up or Down - March 9, 7:15PM-7:20PM ET",btc-updown-5m-1773098100,https://polymarket-upload.s3.us-east-2.amazonaws.com/BTC+fullsize.png,btc-updown-5m-1773098100,Down,1,Up,"95699420774981802314536690826709045324768927666034299991116979616697206458625","2026-03-09T00:00:00Z",1773098533
"0x2d8b401d2f0e6937afebf18e19e11ca568a5260a","70838649760876455784439158718173305394123248176769079862504993085077588372359","0xd431801958b88b3831da343e0d8e63b90a7ce0b7fb1f316df183750c4720c95b",0.51811,1450.50812,698.985357,1.0,"Bitcoin Up or Down - March 9, 7:10PM-7:15PM ET",btc-updown-5m-1773097800,https://polymarket-upload.s3.us-east-2.amazonaws.com/BTC+fullsize.png,btc-updown-5m-1773097800,Down,1,Up,"36600455801695603620340060562780641388795550546983738343500818785386111466434","2026-03-09T00:00:00Z",1773098335
"0x2d8b401d2f0e6937afebf18e19e11ca568a5260a","36600455801695603620340060562780641388795550546983738343500818785386111466434","0xd431801958b88b3831da343e0d8e63b90a7ce0b7fb1f316df183750c4720c95b",0.3781610000000001,2160.317549,-816.947844,0.0,"Bitcoin Up or Down - March 9, 7:10PM-7:15PM ET",btc-updown-5m-1773097800,https://polymarket-upload.s3.us-east-2.amazonaws.com/BTC+fullsize.png,btc-updown-5m-1773097800,Up,0,Down,"70838649760876455784439158718173305394123248176769079862504993085077588372359","2026-03-09T00:00:00Z",1773098334
"0x2d8b401d2f0e6937afebf18e19e11ca568a5260a","63956145503006108659879454198764186134547810636610767977414750133663274746426","0x494fdfc0cc1de20dcbf1b5873af35e75f568fb971e378a4905615cf0776d5c87",0.367498,2313.298736,1463.166077,1.0,"Bitcoin Up or Down - March 9, 7:05PM-7:10PM ET",btc-updown-5m-1773097500,https://polymarket-upload.s3.us-east-2.amazonaws.com/BTC+fullsize.png,btc-updown-5m-1773097500,Up,0,Down,"115416408528764073185830021771939399305884908713075484802591013081697067015320","2026-03-09T00:00:00Z",1773097982
"0x2d8b401d2f0e6937afebf18e19e11ca568a5260a","115416408528764073185830021771939399305884908713075484802591013081697067015320","0x494fdfc0cc1de20dcbf1b5873af35e75f568fb971e378a4905615cf0776d5c87",0.642157,2960.878724,-1901.348998,0.0,"Bitcoin Up or Down - March 9, 7:05PM-7:10PM ET",btc-updown-5m-1773097500,https://polymarket-upload.s3.us-east-2.amazonaws.com/BTC+fullsize.png,btc-updown-5m-1773097500,Down,1,Up,"63956145503006108659879454198764186134547810636610767977414750133663274746426","2026-03-09T00:00:00Z",1773097982
"0x2d8b401d2f0e6937afebf18e19e11ca568a5260a","112831831366912934508359354028430632535688760919169370350865021908202056642606","0x068ca87827bbd341670a27e9c935d82e5393504e9244042604b37ad46122c070",0.560607,4681.954751,2057.218143,1.0,"Bitcoin Up or Down - March 9, 7:00PM-7:05PM ET",btc-updown-5m-1773097200,https://polymarket-upload.s3.us-east-2.amazonaws.com/BTC+fullsize.png,btc-updown-5m-1773097200,Down,1,Up,"113534165595363995149166752596607890256594773886711771272381184208639340508987","2026-03-09T00:00:00Z",1773097642
"0x2d8b401d2f0e6937afebf18e19e11ca568a5260a","113534165595363995149166752596607890256594773886711771272381184208639340508987","0x068ca87827bbd341670a27e9c935d82e5393504e9244042604b37ad46122c070",0.379856,4794.746558,-1821.313248,0.0,"Bitcoin Up or Down - March 9, 7:00PM-7:05PM ET",btc-updown-5m-1773097200,https://polymarket-upload.s3.us-east-2.amazonaws.com/BTC+fullsize.png,btc-updown-5m-1773097200,Up,0,Down,"112831831366912934508359354028430632535688760919169370350865021908202056642606","2026-03-09T00:00:00Z",1773097640
"0x2d8b401d2f0e6937afebf18e19e11ca568a5260a","73781885548531567604504765999255506464245192031255937947028293894979770882062","0x6804e1b6664303006658c5007d028be1bf14bb24d85b24b1c5e942ef2d378a66",0.421709,2209.931365,-931.947946,0.0,"Bitcoin Up or Down - March 9, 6:55PM-7:00PM ET",btc-updown-5m-1773096900,https://polymarket-upload.s3.us-east-2.amazonaws.com/BTC+fullsize.png,btc-updown-5m-1773096900,Up,0,Down,"69736101380918270516592862431865941516059772884570654688171236806278224603901","2026-03-09T00:00:00Z",1773097546
"0x2d8b401d2f0e6937afebf18e19e11ca568a5260a","69736101380918270516592862431865941516059772884570654688171236806278224603901","0x6804e1b6664303006658c5007d028be1bf14bb24d85b24b1c5e942ef2d378a66",0.516561,2289.976714,1107.064052,1.0,"Bitcoin Up or Down - March 9, 6:55PM-7:00PM ET",btc-updown-5m-1773096900,https://polymarket-upload.s3.us-east-2.amazonaws.com/BTC+fullsize.png,btc-updown-5m-1773096900,Down,1,Up,"73781885548531567604504765999255506464245192031255937947028293894979770882062","2026-03-09T00:00:00Z",1773097545
"0x2d8b401d2f0e6937afebf18e19e11ca568a5260a","48707647020813449805034487262215436381087951443121171464342096312682242294517","0xfac6ad7372524b3eb2e50141a106750fe0e422e5e95bb85ac61d8fba1b6b2b31",0.281039,5216.800709,-1466.124454,0.0,"Bitcoin Up or Down - March 9, 6:50PM-6:55PM ET",btc-updown-5m-1773096600,https://polymarket-upload.s3.us-east-2.amazonaws.com/BTC+fullsize.png,btc-updown-5m-1773096600,Up,0,Down,"15669300898621417203060634129292146941932907819374771067669349999563347039950","2026-03-09T00:00:00Z",1773097033
"0x2d8b401d2f0e6937afebf18e19e11ca568a5260a","15669300898621417203060634129292146941932907819374771067669349999563347039950","0xfac6ad7372524b3eb2e50141a106750fe0e422e5e95bb85ac61d8fba1b6b2b31",0.670147,4338.817014,1431.171808,1.0,"Bitcoin Up or Down - March 9, 6:50PM-6:55PM ET",btc-updown-5m-1773096600,https://polymarket-upload.s3.us-east-2.amazonaws.com/BTC+fullsize.png,btc-updown-5m-1773096600,Down,1,Up,"48707647020813449805034487262215436381087951443121171464342096312682242294517","2026-03-09T00:00:00Z",1773097032
"0x2d8b401d2f0e6937afebf18e19e11ca568a5260a","64000350197590129963361793750546580468598377721844706760658153345851555940275","0xc06f4d5ff82f762e8c9ff7e02424f81e012176bc5a06fcc4e82d06b7d1451e8c",0.293522,1949.97785,-572.361398,0.0,"Bitcoin Up or Down - March 9, 6:45PM-6:50PM ET",btc-updown-5m-1773096300,https://polymarket-upload.s3.us-east-2.amazonaws.com/BTC+fullsize.png,btc-updown-5m-1773096300,Up,0,Down,"61045754733808378395038825502463579308030264590045074550570434503716924867372","2026-03-09T00:00:00Z",1773096825
"0x2d8b401d2f0e6937afebf18e19e11ca568a5260a","61045754733808378395038825502463579308030264590045074550570434503716924867372","0xc06f4d5ff82f762e8c9ff7e02424f81e012176bc5a06fcc4e82d06b7d1451e8c",0.655358,2203.463643,759.406116,1.0,"Bitcoin Up or Down - March 9, 6:45PM-6:50PM ET",btc-updown-5m-1773096300,https://polymarket-upload.s3.us-east-2.amazonaws.com/BTC+fullsize.png,btc-updown-5m-1773096300,Down,1,Up,"64000350197590129963361793750546580468598377721844706760658153345851555940275","2026-03-09T00:00:00Z",1773096825
"0x2d8b401d2f0e6937afebf18e19e11ca568a5260a","95382576286154426749066133645595029673638222812854708949175295828166622361439","0xc477265d920861e9c579c8d342ec223e95dcabee415c7ad88edb3ea0fb9e6e7d",0.550496,988.6033910000001,444.381178,1.0,"Bitcoin Up or Down - March 9, 6:40PM-6:45PM ET",btc-updown-5m-1773096000,https://polymarket-upload.s3.us-east-2.amazonaws.com/BTC+fullsize.png,btc-updown-5m-1773096000,Up,0,Down,"14837591819140045057294240324430637954592125121223935006466631774545253475016","2026-03-09T00:00:00Z",1773096525
"0x2d8b401d2f0e6937afebf18e19e11ca568a5260a","14837591819140045057294240324430637954592125121223935006466631774545253475016","0xc477265d920861e9c579c8d342ec223e95dcabee415c7ad88edb3ea0fb9e6e7d",0.42015800000000003,1554.924159,-653.313824,0.0,"Bitcoin Up or Down - March 9, 6:40PM-6:45PM ET",btc-updown-5m-1773096000,https://polymarket-upload.s3.us-east-2.amazonaws.com/BTC+fullsize.png,btc-updown-5m-1773096000,Down,1,Up,"95382576286154426749066133645595029673638222812854708949175295828166622361439","2026-03-09T00:00:00Z",1773096525
"0x2d8b401d2f0e6937afebf18e19e11ca568a5260a","89350838152596513532418473423871931304663032383140813821466402523064429374553","0xa93b7d4fa9a0caa3de7ae09ca634d15230347e501051b04d603b44de9b66b9ce",0.193556,3247.270565,-628.528701,0.0,"Bitcoin Up or Down - March 9, 6:35PM-6:40PM ET",btc-updown-5m-1773095700,https://polymarket-upload.s3.us-east-2.amazonaws.com/BTC+fullsize.png,btc-updown-5m-1773095700,Up,0,Down,"106116598006634303508237088881337797744233402942572863497589221322257136847416","2026-03-09T00:00:00Z",1773096225
"0x2d8b401d2f0e6937afebf18e19e11ca568a5260a","106116598006634303508237088881337797744233402942572863497589221322257136847416","0xa93b7d4fa9a0caa3de7ae09ca634d15230347e501051b04d603b44de9b66b9ce",0.7850999999999999,3734.499738,802.543993,1.0,"Bitcoin Up or Down - March 9, 6:35PM-6:40PM ET",btc-updown-5m-1773095700,https://polymarket-upload.s3.us-east-2.amazonaws.com/BTC+fullsize.png,btc-updown-5m-1773095700,Down,1,Up,"89350838152596513532418473423871931304663032383140813821466402523064429374553","2026-03-09T00:00:00Z",1773096225
"0x2d8b401d2f0e6937afebf18e19e11ca568a5260a","91959192166935092858851949277080119104822160710350516912943729078300518955471","0x4158bd194eb6d73ab2469f1ac9cd8f9d5bea0809a76f6adc664aa0f116e6af84",0.452058,2995.524101,-1354.150634,0.0,"Bitcoin Up or Down - March 9, 6:30PM-6:35PM ET",btc-updown-5m-1773095400,https://polymarket-upload.s3.us-east-2.amazonaws.com/BTC+fullsize.png,btc-updown-5m-1773095400,Down,1,Up,"35393659280624088463421450938149948948882889294819473744775703993621533197292","2026-03-09T00:00:00Z",1773095925
"0x2d8b401d2f0e6937afebf18e19e11ca568a5260a","35393659280624088463421450938149948948882889294819473744775703993621533197292","0x4158bd194eb6d73ab2469f1ac9cd8f9d5bea0809a76f6adc664aa0f116e6af84",0.4661330000000001,3685.658805,1967.651609,1.0,"Bitcoin Up or Down - March 9, 6:30PM-6:35PM ET",btc-updown-5m-1773095400,https://polymarket-upload.s3.us-east-2.amazonaws.com/BTC+fullsize.png,btc-updown-5m-1773095400,Up,0,Down,"91959192166935092858851949277080119104822160710350516912943729078300518955471","2026-03-09T00:00:00Z",1773095925
"0x2d8b401d2f0e6937afebf18e19e11ca568a5260a","90055516380407182698052870650717055099864238940599426180296835516290838062357","0xbc3cfcfe9e027be3d835c4e7d0c59b22768df7b1d4fd50e9463b744854cb87eb",0.725396,2002.440262,549.878105,1.0,"Bitcoin Up or Down - March 9, 6:25PM-6:30PM ET",btc-updown-5m-1773095100,https://polymarket-upload.s3.us-east-2.amazonaws.com/BTC+fullsize.png,btc-updown-5m-1773095100,Up,0,Down,"80377345441021994860372054091726288733881334217628236415622953641828886861543","2026-03-09T00:00:00Z",1773095625
"0x2d8b401d2f0e6937afebf18e19e11ca568a5260a","80377345441021994860372054091726288733881334217628236415622953641828886861543","0xbc3cfcfe9e027be3d835c4e7d0c59b22768df7b1d4fd50e9463b744854cb87eb",0.275762,2157.893737,-595.065092,0.0,"Bitcoin Up or Down - March 9, 6:25PM-6:30PM ET",btc-updown-5m-1773095100,https://polymarket-upload.s3.us-east-2.amazonaws.com/BTC+fullsize.png,btc-updown-5m-1773095100,Down,1,Up,"90055516380407182698052870650717055099864238940599426180296835516290838062357","2026-03-09T00:00:00Z",1773095625
"0x2d8b401d2f0e6937afebf18e19e11ca568a5260a","8913766544404591273840102555401367703336210339492029327878183015447983726815","0x545ca8fe1dd5842b534dd6a7b117a8f33613a0ca091e58f53943da58d092f98c",0.377567,1538.846433,-581.017631,0.0,"Bitcoin Up or Down - March 9, 6:20PM-6:25PM ET",btc-updown-5m-1773094800,https://polymarket-upload.s3.us-east-2.amazonaws.com/BTC+fullsize.png,btc-updown-5m-1773094800,Down,1,Up,"103137023693145949461602548924884724819844141827818121713590513193018248402629","2026-03-09T00:00:00Z",1773095325
"0x2d8b401d2f0e6937afebf18e19e11ca568a5260a","103137023693145949461602548924884724819844141827818121713590513193018248402629","0x545ca8fe1dd5842b534dd6a7b117a8f33613a0ca091e58f53943da58d092f98c",0.64122,2182.803837,783.14636,1.0,"Bitcoin Up or Down - March 9, 6:20PM-6:25PM ET",btc-updown-5m-1773094800,https://polymarket-upload.s3.us-east-2.amazonaws.com/BTC+fullsize.png,btc-updown-5m-1773094800,Up,0,Down,"8913766544404591273840102555401367703336210339492029327878183015447983726815","2026-03-09T00:00:00Z",1773095325
"0x2d8b401d2f0e6937afebf18e19e11ca568a5260a","85517828418624228460815712981434185930704014841455802566778190325639451092074","0x2e36c897e5e278d4bffe6dd63096ccc8f73e93febec7e40c2f48669b2905434a",0.71666,2083.475669,590.331996,1.0,"Bitcoin Up or Down - March 9, 6:15PM-6:20PM ET",btc-updown-5m-1773094500,https://polymarket-upload.s3.us-east-2.amazonaws.com/BTC+fullsize.png,btc-updown-5m-1773094500,Down,1,Up,"31448198544083938232299995734795027742973518006346379480035884775798972513891","2026-03-09T00:00:00Z",1773094925
"0x2d8b401d2f0e6937afebf18e19e11ca568a5260a","31448198544083938232299995734795027742973518006346379480035884775798972513891","0x2e36c897e5e278d4bffe6dd63096ccc8f73e93febec7e40c2f48669b2905434a",0.283079,1295.94069,-366.853594,0.0,"Bitcoin Up or Down - March 9, 6:15PM-6:20PM ET",btc-updown-5m-1773094500,https://polymarket-upload.s3.us-east-2.amazonaws.com/BTC+fullsize.png,btc-updown-5m-1773094500,Up,0,Down,"85517828418624228460815712981434185930704014841455802566778190325639451092074","2026-03-09T00:00:00Z",1773094925
"0x2d8b401d2f0e6937afebf18e19e11ca568a5260a","70861035977090527430433967680157654902744153339348994931024418206677088782100","0x3e90b3ed2185876a7d989a8068e009fbf61960a705c85c0d61366d822ff307c5",0.5997,2980.502408,-1787.407294,0.0,"Bitcoin Up or Down - March 9, 6:10PM-6:15PM ET",btc-updown-5m-1773094200,https://polymarket-upload.s3.us-east-2.amazonaws.com/BTC+fullsize.png,btc-updown-5m-1773094200,Down,1,Up,"36827067448006683336415135870851494520964191238883935830401088050544633525842","2026-03-09T00:00:00Z",1773094725
"0x2d8b401d2f0e6937afebf18e19e11ca568a5260a","36827067448006683336415135870851494520964191238883935830401088050544633525842","0x3e90b3ed2185876a7d989a8068e009fbf61960a705c85c0d61366d822ff307c5",0.379431,2271.725608,1409.762488,1.0,"Bitcoin Up or Down - March 9, 6:10PM-6:15PM ET",btc-updown-5m-1773094200,https://polymarket-upload.s3.us-east-2.amazonaws.com/BTC+fullsize.png,btc-updown-5m-1773094200,Up,0,Down,"70861035977090527430433967680157654902744153339348994931024418206677088782100","2026-03-09T00:00:00Z",1773094725
"0x2d8b401d2f0e6937afebf18e19e11ca568a5260a","74851723672933632760527832435140174769411452396288773738649927187958795528737","0x931d97f81e1c6eec1ee9396feea1e90acc3ec01271bd3273e8fe3c8513dd63b6",0.66005,2221.728591,-1466.451956,0.0,"Bitcoin Up or Down - March 9, 6:05PM-6:10PM ET",btc-updown-5m-1773093900,https://polymarket-upload.s3.us-east-2.amazonaws.com/BTC+fullsize.png,btc-updown-5m-1773093900,Up,0,Down,"112235590239145830058128315591450765670111093835629076763600151748306752149241","2026-03-09T00:00:00Z",1773094525
"0x2d8b401d2f0e6937afebf18e19e11ca568a5260a","112235590239145830058128315591450765670111093835629076763600151748306752149241","0x931d97f81e1c6eec1ee9396feea1e90acc3ec01271bd3273e8fe3c8513dd63b6",0.336554,1529.262908,1014.583359,1.0,"Bitcoin Up or Down - March 9, 6:05PM-6:10PM ET",btc-updown-5m-1773093900,https://polymarket-upload.s3.us-east-2.amazonaws.com/BTC+fullsize.png,btc-updown-5m-1773093900,Down,1,Up,"74851723672933632760527832435140174769411452396288773738649927187958795528737","2026-03-09T00:00:00Z",1773094525
"0x2d8b401d2f0e6937afebf18e19e11ca568a5260a","88729991984068567202019289994449259552114548763641157323275555327782112815529","0x24cf5a3aa1211ebf2d0ec43ba3ccf0d3e4a83d36da0a87fefe259868092f6925",0.594517,2479.987966,-1474.395005,0.0,"Bitcoin Up or Down - March 9, 6:00PM-6:05PM ET",btc-updown-5m-1773093600,https://polymarket-upload.s3.us-east-2.amazonaws.com/BTC+fullsize.png,btc-updown-5m-1773093600,Up,0,Down,"27502648311827996719265337702800651287522738384242441889574372186114360660221","2026-03-09T00:00:00Z",1773094125
"0x2d8b401d2f0e6937afebf18e19e11ca568a5260a","27502648311827996719265337702800651287522738384242441889574372186114360660221","0x24cf5a3aa1211ebf2d0ec43ba3ccf0d3e4a83d36da0a87fefe259868092f6925",0.361189,1326.921564,847.652091,1.0,"Bitcoin Up or Down - March 9, 6:00PM-6:05PM ET",btc-updown-5m-1773093600,https://polymarket-upload.s3.us-east-2.amazonaws.com/BTC+fullsize.png,btc-updown-5m-1773093600,Down,1,Up,"88729991984068567202019289994449259552114548763641157323275555327782112815529","2026-03-09T00:00:00Z",1773094125
"0x2d8b401d2f0e6937afebf18e19e11ca568a5260a","105739794968851291679545883369192217012554631060227360063977763904219769986299","0x89bead26b646f2093dc318df8c63cdf0b0af958070f5f7aa08a5a3164b0f12ee",0.6328779999999998,4454.13884,-2818.92648,0.0,"Bitcoin Up or Down - March 9, 5:55PM-6:00PM ET",btc-updown-5m-1773093300,https://polymarket-upload.s3.us-east-2.amazonaws.com/BTC+fullsize.png,btc-updown-5m-1773093300,Up,0,Down,"1033474415660321455724735570980463762576174487221853229906738823609278372645","2026-03-09T00:00:00Z",1773093925
"0x2d8b401d2f0e6937afebf18e19e11ca568a5260a","1033474415660321455724735570980463762576174487221853229906738823609278372645","0x89bead26b646f2093dc318df8c63cdf0b0af958070f5f7aa08a5a3164b0f12ee",0.325493,3992.829118,2693.191189,1.0,"Bitcoin Up or Down - March 9, 5:55PM-6:00PM ET",btc-updown-5m-1773093300,https://polymarket-upload.s3.us-east-2.amazonaws.com/BTC+fullsize.png,btc-updown-5m-1773093300,Down,1,Up,"105739794968851291679545883369192217012554631060227360063977763904219769986299","2026-03-09T00:00:00Z",1773093925
"0x2d8b401d2f0e6937afebf18e19e11ca568a5260a","59213883008726062517044552570125424210964255790775686766068012736815655470734","0xae41d416ded4a79bae8fd27a2a1960482a5faf71cc60d54444261fa3ed77cf15",0.40573,1552.373243,922.528847,1.0,"Bitcoin Up or Down - March 9, 5:50PM-5:55PM ET",btc-updown-5m-1773093000,https://polymarket-upload.s3.us-east-2.amazonaws.com/BTC+fullsize.png,btc-updown-5m-1773093000,Down,1,Up,"108594363408132255221249864086141880682450838873669089062765693144652766397469","2026-03-09T00:00:00Z",1773093525
"0x2d8b401d2f0e6937afebf18e19e11ca568a5260a","108594363408132255221249864086141880682450838873669089062765693144652766397469","0xae41d416ded4a79bae8fd27a2a1960482a5faf71cc60d54444261fa3ed77cf15",0.528255,1487.2598369999998,-785.652445,0.0,"Bitcoin Up or Down - March 9, 5:50PM-5:55PM ET",btc-updown-5m-1773093000,https://polymarket-upload.s3.us-east-2.amazonaws.com/BTC+fullsize.png,btc-updown-5m-1773093000,Up,0,Down,"59213883008726062517044552570125424210964255790775686766068012736815655470734","2026-03-09T00:00:00Z",1773093525
"0x2d8b401d2f0e6937afebf18e19e11ca568a5260a","6430205106644781560577628032908313092165024645294847861683277924531646692856","0xa845633fbf58138f882eb6c27ee34807a3932b10713f63256873d58ae59d9afb",0.395695,3108.611017,1878.5491800000002,1.0,"Bitcoin Up or Down - March 9, 5:45PM-5:50PM ET",btc-updown-5m-1773092700,https://polymarket-upload.s3.us-east-2.amazonaws.com/BTC+fullsize.png,btc-updown-5m-1773092700,Up,0,Down,"2202280346587378395179646093308187698201010429167430695825329865317405641380","2026-03-09T00:00:00Z",1773093223
"0x2d8b401d2f0e6937afebf18e19e11ca568a5260a","2202280346587378395179646093308187698201010429167430695825329865317405641380","0xa845633fbf58138f882eb6c27ee34807a3932b10713f63256873d58ae59d9afb",0.55622,3429.005387,-1907.281376,0.0,"Bitcoin Up or Down - March 9, 5:45PM-5:50PM ET",btc-updown-5m-1773092700,https://polymarket-upload.s3.us-east-2.amazonaws.com/BTC+fullsize.png,btc-updown-5m-1773092700,Down,1,Up,"6430205106644781560577628032908313092165024645294847861683277924531646692856","2026-03-09T00:00:00Z",1773093223
"0x2d8b401d2f0e6937afebf18e19e11ca568a5260a","36058589761709535033942355565874940061238669345948761848485747706358063522976","0xe46a80e3c39623f66d4ba2d1372fa6f56223e435cf59f3f461287aaa1578ab8c",0.555631,8088.919778,-4494.454585,0.0,"Bitcoin Up or Down - March 9, 5:40PM-5:45PM ET",btc-updown-5m-1773092400,https://polymarket-upload.s3.us-east-2.amazonaws.com/BTC+fullsize.png,btc-updown-5m-1773092400,Down,1,Up,"21287445830110684248947212581837461530695950745380749811339408489842327795763","2026-03-09T00:00:00Z",1773092923
"0x2d8b401d2f0e6937afebf18e19e11ca568a5260a","21287445830110684248947212581837461530695950745380749811339408489842327795763","0xe46a80e3c39623f66d4ba2d1372fa6f56223e435cf59f3f461287aaa1578ab8c",0.476569,9130.935285,4779.414587,1.0,"Bitcoin Up or Down - March 9, 5:40PM-5:45PM ET",btc-updown-5m-1773092400,https://polymarket-upload.s3.us-east-2.amazonaws.com/BTC+fullsize.png,btc-updown-5m-1773092400,Up,0,Down,"36058589761709535033942355565874940061238669345948761848485747706358063522976","2026-03-09T00:00:00Z",1773092923
"0x2d8b401d2f0e6937afebf18e19e11ca568a5260a","52776772493066085720336864296398828438342345910914537380167838177625693992085","0x6a5c26a95f006717bcf490437c690442c12c6a7f1153613778301a9dcd52ddc6",0.7390989999999998,2575.9922790000005,-1903.913317,0.0,"Bitcoin Up or Down - March 9, 5:35PM-5:40PM ET",btc-updown-5m-1773092100,https://polymarket-upload.s3.us-east-2.amazonaws.com/BTC+fullsize.png,btc-updown-5m-1773092100,Down,1,Up,"21946038675394971479217573336039266572414374954499599157911691857883268186755","2026-03-09T00:00:00Z",1773092723
"0x2d8b401d2f0e6937afebf18e19e11ca568a5260a","21946038675394971479217573336039266572414374954499599157911691857883268186755","0x6a5c26a95f006717bcf490437c690442c12c6a7f1153613778301a9dcd52ddc6",0.240934,1554.754732,1180.161455,1.0,"Bitcoin Up or Down - March 9, 5:35PM-5:40PM ET",btc-updown-5m-1773092100,https://polymarket-upload.s3.us-east-2.amazonaws.com/BTC+fullsize.png,btc-updown-5m-1773092100,Up,0,Down,"52776772493066085720336864296398828438342345910914537380167838177625693992085","2026-03-09T00:00:00Z",1773092723
"0x2d8b401d2f0e6937afebf18e19e11ca568a5260a","84688842980822674303021464731843592285391744833358597294892329470126890768464","0x1c0ef81ff6267a2a57d8661ea459c7ec3bb77199210b5bc21483b593ee03897d",0.578405,2124.839838,895.8218509999999,1.0,"Bitcoin Up or Down - March 9, 5:30PM-5:35PM ET",btc-updown-5m-1773091800,https://polymarket-upload.s3.us-east-2.amazonaws.com/BTC+fullsize.png,btc-updown-5m-1773091800,Up,0,Down,"54791853534906537718626630335440475730484870127366911834223253761052869581010","2026-03-09T00:00:00Z",1773092323
"0x2d8b401d2f0e6937afebf18e19e11ca568a5260a","54791853534906537718626630335440475730484870127366911834223253761052869581010","0x1c0ef81ff6267a2a57d8661ea459c7ec3bb77199210b5bc21483b593ee03897d",0.497829,2301.122986,-1145.565754,0.0,"Bitcoin Up or Down - March 9, 5:30PM-5:35PM ET",btc-updown-5m-1773091800,https://polymarket-upload.s3.us-east-2.amazonaws.com/BTC+fullsize.png,btc-updown-5m-1773091800,Down,1,Up,"84688842980822674303021464731843592285391744833358597294892329470126890768464","2026-03-09T00:00:00Z",1773092323
"0x2d8b401d2f0e6937afebf18e19e11ca568a5260a","31011702716364671418949256764940243551094374570248035597016808354718656713270","0x4bbad2f93f3dbda45636e034dde3c982ddf3ad261d8a298ec92dfb950aa73282",0.657394,5241.122601,-3445.482551,0.0,"Bitcoin Up or Down - March 9, 5:25PM-5:30PM ET",btc-updown-5m-1773091500,https://polymarket-upload.s3.us-east-2.amazonaws.com/BTC+fullsize.png,btc-updown-5m-1773091500,Up,0,Down,"28970103038176113487402580002473740413637043577180248645592455812276960777745","2026-03-09T00:00:00Z",1773092123
"0x2d8b401d2f0e6937afebf18e19e11ca568a5260a","28970103038176113487402580002473740413637043577180248645592455812276960777745","0x4bbad2f93f3dbda45636e034dde3c982ddf3ad261d8a298ec92dfb950aa73282",0.350788,4886.834643,3172.591692,1.0,"Bitcoin Up or Down - March 9, 5:25PM-5:30PM ET",btc-updown-5m-1773091500,https://polymarket-upload.s3.us-east-2.amazonaws.com/BTC+fullsize.png,btc-updown-5m-1773091500,Down,1,Up,"31011702716364671418949256764940243551094374570248035597016808354718656713270","2026-03-09T00:00:00Z",1773092123
"0x2d8b401d2f0e6937afebf18e19e11ca568a5260a","82542301283662269075492356108688872883204943710403551868120639690709734943321","0x47fa77ecdf7e593e91d91d76539adcaddd66e662f0ea0b83e8ececa0d2ef6421",0.274357,1810.853573,-496.820353,0.0,"Bitcoin Up or Down - March 9, 5:20PM-5:25PM ET",btc-updown-5m-1773091200,https://polymarket-upload.s3.us-east-2.amazonaws.com/BTC+fullsize.png,btc-updown-5m-1773091200,Up,0,Down,"74772016270219467143123916617287420306161230994846913736331406477984180430432","2026-03-09T00:00:00Z",1773091723
"0x2d8b401d2f0e6937afebf18e19e11ca568a5260a","74772016270219467143123916617287420306161230994846913736331406477984180430432","0x47fa77ecdf7e593e91d91d76539adcaddd66e662f0ea0b83e8ececa0d2ef6421",0.737577,1658.962869,435.350012,1.0,"Bitcoin Up or Down - March 9, 5:20PM-5:25PM ET",btc-updown-5m-1773091200,https://polymarket-upload.s3.us-east-2.amazonaws.com/BTC+fullsize.png,btc-updown-5m-1773091200,Down,1,Up,"82542301283662269075492356108688872883204943710403551868120639690709734943321","2026-03-09T00:00:00Z",1773091723
"0x2d8b401d2f0e6937afebf18e19e11ca568a5260a","88938294785879957433223636851595171679731820658794752985442454988160766822192","0xb700c6282be15fc9f301341c65ad602caee9aaa1448ac01d2ba9f45ecaa2489e",0.667526,3279.70532,1090.416746,1.0,"Bitcoin Up or Down - March 9, 5:15PM-5:20PM ET",btc-updown-5m-1773090900,https://polymarket-upload.s3.us-east-2.amazonaws.com/BTC+fullsize.png,btc-updown-5m-1773090900,Down,1,Up,"55144250974305321861639675122192541103444735082169526754058292163439465552870","2026-03-09T00:00:00Z",1773091423
"0x2d8b401d2f0e6937afebf18e19e11ca568a5260a","55144250974305321861639675122192541103444735082169526754058292163439465552870","0xb700c6282be15fc9f301341c65ad602caee9aaa1448ac01d2ba9f45ecaa2489e",0.272366,2742.636725,-747.000994,0.0,"Bitcoin Up or Down - March 9, 5:15PM-5:20PM ET",btc-updown-5m-1773090900,https://polymarket-upload.s3.us-east-2.amazonaws.com/BTC+fullsize.png,btc-updown-5m-1773090900,Up,0,Down,"88938294785879957433223636851595171679731820658794752985442454988160766822192","2026-03-09T00:00:00Z",1773091423
"0x2d8b401d2f0e6937afebf18e19e11ca568a5260a","78524769335828283082157109503869658961032743818533445595722593954012772736199","0xffb64ca84633416b9d1ae9f340fda3b6d96675c23a8179b604ab0af862b32dee",0.43012900000000004,4401.986483,-1893.422043,0.0,"Bitcoin Up or Down - March 9, 5:10PM-5:15PM ET",btc-updown-5m-1773090600,https://polymarket-upload.s3.us-east-2.amazonaws.com/BTC+fullsize.png,btc-updown-5m-1773090600,Up,0,Down,"108148972518668260528550231286259389880368890991974491051092807486531554470500","2026-03-09T00:00:00Z",1773091223
"0x2d8b401d2f0e6937afebf18e19e11ca568a5260a","108148972518668260528550231286259389880368890991974491051092807486531554470500","0xffb64ca84633416b9d1ae9f340fda3b6d96675c23a8179b604ab0af862b32dee",0.558884,5069.219921,2236.114014,1.0,"Bitcoin Up or Down - March 9, 5:10PM-5:15PM ET",btc-updown-5m-1773090600,https://polymarket-upload.s3.us-east-2.amazonaws.com/BTC+fullsize.png,btc-updown-5m-1773090600,Down,1,Up,"78524769335828283082157109503869658961032743818533445595722593954012772736199","2026-03-09T00:00:00Z",1773091223
"0x2d8b401d2f0e6937afebf18e19e11ca568a5260a","81900971883737375047241850559913832157857380993830979239794112131228210786419","0x700d4f7df6d56ec18b21f80b675e2dd20f189f39874dfd072c6c72f6fba9d5dc",0.576674,2654.142096,1123.567356,1.0,"Bitcoin Up or Down - March 9, 5:05PM-5:10PM ET",btc-updown-5m-1773090300,https://polymarket-upload.s3.us-east-2.amazonaws.com/BTC+fullsize.png,btc-updown-5m-1773090300,Down,1,Up,"59010338599140349672768151114470859575728343628317010454415009459879011829279","2026-03-09T00:00:00Z",1773090823
"0x2d8b401d2f0e6937afebf18e19e11ca568a5260a","59010338599140349672768151114470859575728343628317010454415009459879011829279","0x700d4f7df6d56ec18b21f80b675e2dd20f189f39874dfd072c6c72f6fba9d5dc",0.375714,2249.694246,-845.241623,0.0,"Bitcoin Up or Down - March 9, 5:05PM-5:10PM ET",btc-updown-5m-1773090300,https://polymarket-upload.s3.us-east-2.amazonaws.com/BTC+fullsize.png,btc-updown-5m-1773090300,Up,0,Down,"81900971883737375047241850559913832157857380993830979239794112131228210786419","2026-03-09T00:00:00Z",1773090823
"0x2d8b401d2f0e6937afebf18e19e11ca568a5260a","82765781104791849262955745104959715490570873043835852245789804813450122695303","0x47a28bd086e3fbf19d66dc2ed5a6a925d04da554d329af7f7d9898ac377e59b7",0.72756,1452.585612,395.7424239999999,1.0,"Bitcoin Up or Down - March 9, 5:00PM-5:05PM ET",btc-updown-5m-1773090000,https://polymarket-upload.s3.us-east-2.amazonaws.com/BTC+fullsize.png,btc-updown-5m-1773090000,Up,0,Down,"32682204103741781531685298411593896615798318150092309208283328690661827154441","2026-03-09T00:00:00Z",1773090523
"0x2d8b401d2f0e6937afebf18e19e11ca568a5260a","32682204103741781531685298411593896615798318150092309208283328690661827154441","0x47a28bd086e3fbf19d66dc2ed5a6a925d04da554d329af7f7d9898ac377e59b7",0.310696,717.8555460000001,-223.034846,0.0,"Bitcoin Up or Down - March 9, 5:00PM-5:05PM ET",btc-updown-5m-1773090000,https://polymarket-upload.s3.us-east-2.amazonaws.com/BTC+fullsize.png,btc-updown-5m-1773090000,Down,1,Up,"82765781104791849262955745104959715490570873043835852245789804813450122695303","2026-03-09T00:00:00Z",1773090523
"0x2d8b401d2f0e6937afebf18e19e11ca568a5260a","29794643198907944547578800239932254899416603054850689063089186336399486583100","0x1bc8f0629408ee6b951d12809e642df8ee08c4d895360810512ba827a4c87772",0.417916,1618.923508,-676.574036,0.0,"Bitcoin Up or Down - March 9, 4:55PM-5:00PM ET",btc-updown-5m-1773089700,https://polymarket-upload.s3.us-east-2.amazonaws.com/BTC+fullsize.png,btc-updown-5m-1773089700,Down,1,Up,"104337227196325695763208521335446030917336366267187688345607335856177481813473","2026-03-09T00:00:00Z",1773090223
"0x2d8b401d2f0e6937afebf18e19e11ca568a5260a","104337227196325695763208521335446030917336366267187688345607335856177481813473","0x1bc8f0629408ee6b951d12809e642df8ee08c4d895360810512ba827a4c87772",0.543046,1466.690087,670.209902,1.0,"Bitcoin Up or Down - March 9, 4:55PM-5:00PM ET",btc-updown-5m-1773089700,https://polymarket-upload.s3.us-east-2.amazonaws.com/BTC+fullsize.png,btc-updown-5m-1773089700,Up,0,Down,"29794643198907944547578800239932254899416603054850689063089186336399486583100","2026-03-09T00:00:00Z",1773090223
"0x2d8b401d2f0e6937afebf18e19e11ca568a5260a","49586603024568382595219936838196424466259134477011066958981941841032420259280","0x05032494fd9503b7de95db7b86c27949f4d2eb5517a8699580a3168e46a70fe5",0.531897,3694.718962,-1965.2099310000003,0.0,"Bitcoin Up or Down - March 9, 4:50PM-4:55PM ET",btc-updown-5m-1773089400,https://polymarket-upload.s3.us-east-2.amazonaws.com/BTC+fullsize.png,btc-updown-5m-1773089400,Down,1,Up,"109591389418230151614451613519656357749358572471394556916276447675761729339986","2026-03-09T00:00:00Z",1773090023
"0x2d8b401d2f0e6937afebf18e19e11ca568a5260a","109591389418230151614451613519656357749358572471394556916276447675761729339986","0x05032494fd9503b7de95db7b86c27949f4d2eb5517a8699580a3168e46a70fe5",0.435913,2751.267079,1551.953992,1.0,"Bitcoin Up or Down - March 9, 4:50PM-4:55PM ET",btc-updown-5m-1773089400,https://polymarket-upload.s3.us-east-2.amazonaws.com/BTC+fullsize.png,btc-updown-5m-1773089400,Up,0,Down,"49586603024568382595219936838196424466259134477011066958981941841032420259280","2026-03-09T00:00:00Z",1773090023
"0x2d8b401d2f0e6937afebf18e19e11ca568a5260a","66582960369429896501682807388532145593593037663435251444398838636632536912379","0xb094fca45e4cfa0f76df2245e1fa46b4c1739423389c002f0761da3a2d70530a",0.664049,4141.961103,1391.495974,1.0,"Bitcoin Up or Down - March 9, 4:45PM-4:50PM ET",btc-updown-5m-1773089100,https://polymarket-upload.s3.us-east-2.amazonaws.com/BTC+fullsize.png,btc-updown-5m-1773089100,Down,1,Up,"16006767435656288054904827569821691623191034523115714689103375515630893383127","2026-03-09T00:00:00Z",1773089621
"0x2d8b401d2f0e6937afebf18e19e11ca568a5260a","16006767435656288054904827569821691623191034523115714689103375515630893383127","0xb094fca45e4cfa0f76df2245e1fa46b4c1739423389c002f0761da3a2d70530a",0.297876,3964.6817,-1180.983526,0.0,"Bitcoin Up or Down - March 9, 4:45PM-4:50PM ET",btc-updown-5m-1773089100,https://polymarket-upload.s3.us-east-2.amazonaws.com/BTC+fullsize.png,btc-updown-5m-1773089100,Up,0,Down,"66582960369429896501682807388532145593593037663435251444398838636632536912379","2026-03-09T00:00:00Z",1773089621
"0x2d8b401d2f0e6937afebf18e19e11ca568a5260a","84885797308275154901952598370034979082247529171815129761393809787843743173162","0x63b6d80a11a24549d2a04f32e7c5b51dee96923518aa254c11c4caf5b02e6d13",0.25924100000000005,2079.406224,-539.067348,0.0,"Bitcoin Up or Down - March 9, 4:40PM-4:45PM ET",btc-updown-5m-1773088800,https://polymarket-upload.s3.us-east-2.amazonaws.com/BTC+fullsize.png,btc-updown-5m-1773088800,Down,1,Up,"38800237999085285817482060465797321560174195512122560442878303228486582415341","2026-03-09T00:00:00Z",1773089323
"0x2d8b401d2f0e6937afebf18e19e11ca568a5260a","38800237999085285817482060465797321560174195512122560442878303228486582415341","0x63b6d80a11a24549d2a04f32e7c5b51dee96923518aa254c11c4caf5b02e6d13",0.709523,1530.604343,444.605357,1.0,"Bitcoin Up or Down - March 9, 4:40PM-4:45PM ET",btc-updown-5m-1773088800,https://polymarket-upload.s3.us-east-2.amazonaws.com/BTC+fullsize.png,btc-updown-5m-1773088800,Up,0,Down,"84885797308275154901952598370034979082247529171815129761393809787843743173162","2026-03-09T00:00:00Z",1773089323
"0x2d8b401d2f0e6937afebf18e19e11ca568a5260a","77746515463179148573881609287899852034932027611251714195595260003996273727621","0xdb405bfa3d3d97aa1bebb12d67529696da3fa56da5d0ca3c802029bd7b4b6812",0.430883,4347.961363,2474.498727,1.0,"Bitcoin Up or Down - March 9, 4:35PM-4:40PM ET",btc-updown-5m-1773088500,https://polymarket-upload.s3.us-east-2.amazonaws.com/BTC+fullsize.png,btc-updown-5m-1773088500,Down,1,Up,"66220019093288089338558166835806903090574468613504788370887516051984580333026","2026-03-09T00:00:00Z",1773089021
"0x2d8b401d2f0e6937afebf18e19e11ca568a5260a","66220019093288089338558166835806903090574468613504788370887516051984580333026","0xdb405bfa3d3d97aa1bebb12d67529696da3fa56da5d0ca3c802029bd7b4b6812",0.523807,3665.345308,-1919.933529,0.0,"Bitcoin Up or Down - March 9, 4:35PM-4:40PM ET",btc-updown-5m-1773088500,https://polymarket-upload.s3.us-east-2.amazonaws.com/BTC+fullsize.png,btc-updown-5m-1773088500,Up,0,Down,"77746515463179148573881609287899852034932027611251714195595260003996273727621","2026-03-09T00:00:00Z",1773089021
"0x2d8b401d2f0e6937afebf18e19e11ca568a5260a","28952769829311733100219380861661405295371812706127297431941718127307224985312","0xdd23c72937220d3fc97bf724789e05e7469f19991a556bd4213131cdcb13bd5d",0.681708,4997.47012,1590.654759,1.0,"Bitcoin Up or Down - March 9, 4:30PM-4:35PM ET",btc-updown-5m-1773088200,https://polymarket-upload.s3.us-east-2.amazonaws.com/BTC+fullsize.png,btc-updown-5m-1773088200,Down,1,Up,"15216996308175648407531511883769820420492753580605921602798209513507952168080","2026-03-09T00:00:00Z",1773088723
"0x2d8b401d2f0e6937afebf18e19e11ca568a5260a","15216996308175648407531511883769820420492753580605921602798209513507952168080","0xdd23c72937220d3fc97bf724789e05e7469f19991a556bd4213131cdcb13bd5d",0.294306,4567.740102,-1344.313318,0.0,"Bitcoin Up or Down - March 9, 4:30PM-4:35PM ET",btc-updown-5m-1773088200,https://polymarket-upload.s3.us-east-2.amazonaws.com/BTC+fullsize.png,btc-updown-5m-1773088200,Up,0,Down,"28952769829311733100219380861661405295371812706127297431941718127307224985312","2026-03-09T00:00:00Z",1773088723
"0x2d8b401d2f0e6937afebf18e19e11ca568a5260a","60464260495011001807722774411451598315647712521357158733661921266418368625791","0x9b84a56ea58af5f5c29d0d46b6893423d5b1533e4674f5edc32bc17914d3e654",0.392809,3305.001239,-1298.234231,0.0,"Bitcoin Up or Down - March 9, 4:25PM-4:30PM ET",btc-updown-5m-1773087900,https://polymarket-upload.s3.us-east-2.amazonaws.com/BTC+fullsize.png,btc-updown-5m-1773087900,Down,1,Up,"11762527311856698343793667463623112622374347891234733993912490304610198188402","2026-03-09T00:00:00Z",1773088521
"0x2d8b401d2f0e6937afebf18e19e11ca568a5260a","11762527311856698343793667463623112622374347891234733993912490304610198188402","0x9b84a56ea58af5f5c29d0d46b6893423d5b1533e4674f5edc32bc17914d3e654",0.569665,3317.230196,1427.520256,1.0,"Bitcoin Up or Down - March 9, 4:25PM-4:30PM ET",btc-updown-5m-1773087900,https://polymarket-upload.s3.us-east-2.amazonaws.com/BTC+fullsize.png,btc-updown-5m-1773087900,Up,0,Down,"60464260495011001807722774411451598315647712521357158733661921266418368625791","2026-03-09T00:00:00Z",1773088521
"0x2d8b401d2f0e6937afebf18e19e11ca568a5260a","60572261125999649505799197109483383375248815294827715115606797713451281913067","0x559396ed1b07243a3361df7d75ca91cfa265581a5ca6e1c01bdcd5e5d1f0d39d",0.233867,1656.165819,-387.322531,0.0,"Bitcoin Up or Down - March 9, 4:20PM-4:25PM ET",btc-updown-5m-1773087600,https://polymarket-upload.s3.us-east-2.amazonaws.com/BTC+fullsize.png,btc-updown-5m-1773087600,Up,0,Down,"37587340745391331733495505369423929908382168467916833652968847879172629505241","2026-03-09T00:00:00Z",1773088121
"0x2d8b401d2f0e6937afebf18e19e11ca568a5260a","37587340745391331733495505369423929908382168467916833652968847879172629505241","0x559396ed1b07243a3361df7d75ca91cfa265581a5ca6e1c01bdcd5e5d1f0d39d",0.736805,1878.637292,494.447942,1.0,"Bitcoin Up or Down - March 9, 4:20PM-4:25PM ET",btc-updown-5m-1773087600,https://polymarket-upload.s3.us-east-2.amazonaws.com/BTC+fullsize.png,btc-updown-5m-1773087600,Down,1,Up,"60572261125999649505799197109483383375248815294827715115606797713451281913067","2026-03-09T00:00:00Z",1773088121
"0x2d8b401d2f0e6937afebf18e19e11ca568a5260a","71945442238939650683757977339319394316613796081621437216622363142080756454819","0xbdc44eecf058db14a12bc861e120088a4a7f16de3077bd0f291d25555d4b01f3",0.460919,2676.746601,-1233.763366,0.0,"Bitcoin Up or Down - March 9, 4:15PM-4:20PM ET",btc-updown-5m-1773087300,https://polymarket-upload.s3.us-east-2.amazonaws.com/BTC+fullsize.png,btc-updown-5m-1773087300,Down,1,Up,"16345118248167326121481697311431580868041003730301945129482816279097223275862","2026-03-09T00:00:00Z",1773087821
"0x2d8b401d2f0e6937afebf18e19e11ca568a5260a","16345118248167326121481697311431580868041003730301945129482816279097223275862","0xbdc44eecf058db14a12bc861e120088a4a7f16de3077bd0f291d25555d4b01f3",0.492274,2326.525515,1181.237493,1.0,"Bitcoin Up or Down - March 9, 4:15PM-4:20PM ET",btc-updown-5m-1773087300,https://polymarket-upload.s3.us-east-2.amazonaws.com/BTC+fullsize.png,btc-updown-5m-1773087300,Up,0,Down,"71945442238939650683757977339319394316613796081621437216622363142080756454819","2026-03-09T00:00:00Z",1773087821
"0x2d8b401d2f0e6937afebf18e19e11ca568a5260a","25298666518265062281822977521026975825428538392190305973121601263589415099155","0xde646d25e47fe2b888550dc29268301f325e02933fd6638ab14405eb4862718e",0.41984,3725.81848,-1564.24763,0.0,"Bitcoin Up or Down - March 9, 4:10PM-4:15PM ET",btc-updown-5m-1773087000,https://polymarket-upload.s3.us-east-2.amazonaws.com/BTC+fullsize.png,btc-updown-5m-1773087000,Down,1,Up,"24199692289389166623053451895329122836836554718872611186809850047700474521282","2026-03-09T00:00:00Z",1773087521
"0x2d8b401d2f0e6937afebf18e19e11ca568a5260a","24199692289389166623053451895329122836836554718872611186809850047700474521282","0xde646d25e47fe2b888550dc29268301f325e02933fd6638ab14405eb4862718e",0.599884,3698.456118,1479.8114680000003,1.0,"Bitcoin Up or Down - March 9, 4:10PM-4:15PM ET",btc-updown-5m-1773087000,https://polymarket-upload.s3.us-east-2.amazonaws.com/BTC+fullsize.png,btc-updown-5m-1773087000,Up,0,Down,"25298666518265062281822977521026975825428538392190305973121601263589415099155","2026-03-09T00:00:00Z",1773087521
"0x2d8b401d2f0e6937afebf18e19e11ca568a5260a","99486708124684006727779500816572252968496687580711850587739574271201779104589","0xde1b8638ef44b6034aaa1a7612b52f4f20611f80cb338867b6d8ce82c4b20e26",0.440316,3118.330377,1745.2796179999998,1.0,"Bitcoin Up or Down - March 9, 4:05PM-4:10PM ET",btc-updown-5m-1773086700,https://polymarket-upload.s3.us-east-2.amazonaws.com/BTC+fullsize.png,btc-updown-5m-1773086700,Down,1,Up,"21550062357018711181574942091140249345458963579525451321601828741321941916033","2026-03-09T00:00:00Z",1773087321
"0x2d8b401d2f0e6937afebf18e19e11ca568a5260a","21550062357018711181574942091140249345458963579525451321601828741321941916033","0xde1b8638ef44b6034aaa1a7612b52f4f20611f80cb338867b6d8ce82c4b20e26",0.552541,3443.54122,-1902.697709,0.0,"Bitcoin Up or Down - March 9, 4:05PM-4:10PM ET",btc-updown-5m-1773086700,https://polymarket-upload.s3.us-east-2.amazonaws.com/BTC+fullsize.png,btc-updown-5m-1773086700,Up,0,Down,"99486708124684006727779500816572252968496687580711850587739574271201779104589","2026-03-09T00:00:00Z",1773087321
"0x2d8b401d2f0e6937afebf18e19e11ca568a5260a","7479585089761857998846002821626398449098532896361629912128446331017894599230","0x62a08ab65926778bf21ef42a47c41af5bd8756a3b5ddbc91c0dfc5ef47eeb9fb",0.305598,3690.315419,-1127.753011,0.0,"Bitcoin Up or Down - March 9, 4:00PM-4:05PM ET",btc-updown-5m-1773086400,https://polymarket-upload.s3.us-east-2.amazonaws.com/BTC+fullsize.png,btc-updown-5m-1773086400,Down,1,Up,"102585220371729161293970622867226409060325230605068928918305581651736432704689","2026-03-09T00:00:00Z",1773086921
"0x2d8b401d2f0e6937afebf18e19e11ca568a5260a","102585220371729161293970622867226409060325230605068928918305581651736432704689","0x62a08ab65926778bf21ef42a47c41af5bd8756a3b5ddbc91c0dfc5ef47eeb9fb",0.670067,3378.60726,1114.714029,1.0,"Bitcoin Up or Down - March 9, 4:00PM-4:05PM ET",btc-updown-5m-1773086400,https://polymarket-upload.s3.us-east-2.amazonaws.com/BTC+fullsize.png,btc-updown-5m-1773086400,Up,0,Down,"7479585089761857998846002821626398449098532896361629912128446331017894599230","2026-03-09T00:00:00Z",1773086921
"0x2d8b401d2f0e6937afebf18e19e11ca568a5260a","60110110809522678400767609965198174311139122006283159649878566662587800951907","0x5a98b2a024522148b0ab06b2cd61bf8ccae4af8ded6c2095e061f5dad50e0941",0.47267799999999993,3446.978285,-1629.310801,0.0,"Bitcoin Up or Down - March 9, 3:55PM-4:00PM ET",btc-updown-5m-1773086100,https://polymarket-upload.s3.us-east-2.amazonaws.com/BTC+fullsize.png,btc-updown-5m-1773086100,Down,1,Up,"105637945592886735250536088802946130995864606489719548750748314826963552159675","2026-03-09T00:00:00Z",1773086721
"0x2d8b401d2f0e6937afebf18e19e11ca568a5260a","105637945592886735250536088802946130995864606489719548750748314826963552159675","0x5a98b2a024522148b0ab06b2cd61bf8ccae4af8ded6c2095e061f5dad50e0941",0.47686,3059.58679,1600.592233,1.0,"Bitcoin Up or Down - March 9, 3:55PM-4:00PM ET",btc-updown-5m-1773086100,https://polymarket-upload.s3.us-east-2.amazonaws.com/BTC+fullsize.png,btc-updown-5m-1773086100,Up,0,Down,"60110110809522678400767609965198174311139122006283159649878566662587800951907","2026-03-09T00:00:00Z",1773086721
"0x2d8b401d2f0e6937afebf18e19e11ca568a5260a","5543861585864927758505926939506292492210540493211566544492184856017696422004","0xa10da7ec02e3e736478e0f88f34d454832217f94172a9aa09f405afba51db629",0.537906,6241.734132,-3357.46624,0.0,"Bitcoin Up or Down - March 9, 3:50PM-3:55PM ET",btc-updown-5m-1773085800,https://polymarket-upload.s3.us-east-2.amazonaws.com/BTC+fullsize.png,btc-updown-5m-1773085800,Down,1,Up,"28536598608437169017390587708058575720326120475512978322793312822450270097821","2026-03-09T00:00:00Z",1773086321
"0x2d8b401d2f0e6937afebf18e19e11ca568a5260a","28536598608437169017390587708058575720326120475512978322793312822450270097821","0xa10da7ec02e3e736478e0f88f34d454832217f94172a9aa09f405afba51db629",0.436948,5497.914926,3095.6119939999994,1.0,"Bitcoin Up or Down - March 9, 3:50PM-3:55PM ET",btc-updown-5m-1773085800,https://polymarket-upload.s3.us-east-2.amazonaws.com/BTC+fullsize.png,btc-updown-5m-1773085800,Up,0,Down,"5543861585864927758505926939506292492210540493211566544492184856017696422004","2026-03-09T00:00:00Z",1773086321
"0x2d8b401d2f0e6937afebf18e19e11ca568a5260a","44790143955209609467719428508856059602260515584893096431400235411971980724853","0x91fea60473f24d4c4ac635100e685847c1e2ee7edcebc7a6b88eaad8511a89d1",0.474321,3402.10142,-1613.688147,0.0,"Bitcoin Up or Down - March 9, 3:45PM-3:50PM ET",btc-updown-5m-1773085500,https://polymarket-upload.s3.us-east-2.amazonaws.com/BTC+fullsize.png,btc-updown-5m-1773085500,Up,0,Down,"101493406634192232789411837271688845812937742581506044520954138848546729923225","2026-03-09T00:00:00Z",1773086121
"0x2d8b401d2f0e6937afebf18e19e11ca568a5260a","101493406634192232789411837271688845812937742581506044520954138848546729923225","0x91fea60473f24d4c4ac635100e685847c1e2ee7edcebc7a6b88eaad8511a89d1",0.528071,3693.84573,1743.232921,1.0,"Bitcoin Up or Down - March 9, 3:45PM-3:50PM ET",btc-updown-5m-1773085500,https://polymarket-upload.s3.us-east-2.amazonaws.com/BTC+fullsize.png,btc-updown-5m-1773085500,Down,1,Up,"44790143955209609467719428508856059602260515584893096431400235411971980724853","2026-03-09T00:00:00Z",1773086121
"0x2d8b401d2f0e6937afebf18e19e11ca568a5260a","36219979550360191111103941530707011402716579935291807433028342800717938107372","0xdf9e265e0bff4f91f0299992d82968abcab7a40efe5f5e339f059efdb373fa35",0.740535,4205.012592,1091.053592,1.0,"Bitcoin Up or Down - March 9, 3:40PM-3:45PM ET",btc-updown-5m-1773085200,https://polymarket-upload.s3.us-east-2.amazonaws.com/BTC+fullsize.png,btc-updown-5m-1773085200,Down,1,Up,"28170576254425543312985095887389180437271350947090735326083045923607637605630","2026-03-09T00:00:00Z",1773085721
"0x2d8b401d2f0e6937afebf18e19e11ca568a5260a","28170576254425543312985095887389180437271350947090735326083045923607637605630","0xdf9e265e0bff4f91f0299992d82968abcab7a40efe5f5e339f059efdb373fa35",0.2242,4959.428492,-1111.903867,0.0,"Bitcoin Up or Down - March 9, 3:40PM-3:45PM ET",btc-updown-5m-1773085200,https://polymarket-upload.s3.us-east-2.amazonaws.com/BTC+fullsize.png,btc-updown-5m-1773085200,Up,0,Down,"36219979550360191111103941530707011402716579935291807433028342800717938107372","2026-03-09T00:00:00Z",1773085721
"0x2d8b401d2f0e6937afebf18e19e11ca568a5260a","75681652820593036492561400350782682962038629391536865246463589804558653196815","0x624b6e2043166d84295e852782cfd824bb9a9a6807e93789e1c6d7a6d6fac134",0.598064,4206.122177,1690.591923,1.0,"Bitcoin Up or Down - March 9, 3:35PM-3:40PM ET",btc-updown-5m-1773084900,https://polymarket-upload.s3.us-east-2.amazonaws.com/BTC+fullsize.png,btc-updown-5m-1773084900,Down,1,Up,"100683205289482860478508203178983450051638977966171903706215502674621148587956","2026-03-09T00:00:00Z",1773085419
"0x2d8b401d2f0e6937afebf18e19e11ca568a5260a","100683205289482860478508203178983450051638977966171903706215502674621148587956","0x624b6e2043166d84295e852782cfd824bb9a9a6807e93789e1c6d7a6d6fac134",0.353038,3817.045378,-1347.562066,0.0,"Bitcoin Up or Down - March 9, 3:35PM-3:40PM ET",btc-updown-5m-1773084900,https://polymarket-upload.s3.us-east-2.amazonaws.com/BTC+fullsize.png,btc-updown-5m-1773084900,Up,0,Down,"75681652820593036492561400350782682962038629391536865246463589804558653196815","2026-03-09T00:00:00Z",1773085419
"0x2d8b401d2f0e6937afebf18e19e11ca568a5260a","7274832661051421683860967086247997803165403970089404745361540918962373252823","0xed65ada85de9e5757a1f0304e38f1230f48048a5fa228a83a9e42ccb929f9eff",0.621957,6294.169918,2379.466878,1.0,"Bitcoin Up or Down - March 9, 3:30PM-3:35PM ET",btc-updown-5m-1773084600,https://polymarket-upload.s3.us-east-2.amazonaws.com/BTC+fullsize.png,btc-updown-5m-1773084600,Down,1,Up,"15146932017719413192944051795955818982922085901168703730058462472589433643745","2026-03-09T00:00:00Z",1773085119
"0x2d8b401d2f0e6937afebf18e19e11ca568a5260a","15146932017719413192944051795955818982922085901168703730058462472589433643745","0xed65ada85de9e5757a1f0304e38f1230f48048a5fa228a83a9e42ccb929f9eff",0.313239,6112.891705,-1914.796084,0.0,"Bitcoin Up or Down - March 9, 3:30PM-3:35PM ET",btc-updown-5m-1773084600,https://polymarket-upload.s3.us-east-2.amazonaws.com/BTC+fullsize.png,btc-updown-5m-1773084600,Up,0,Down,"7274832661051421683860967086247997803165403970089404745361540918962373252823","2026-03-09T00:00:00Z",1773085119
"0x2d8b401d2f0e6937afebf18e19e11ca568a5260a","48456791645657609720695361892425636025382069943885754218215509032649173374093","0xd2ec8247ba31c2fdcbcaba43d5513f5ce15a8279f073119a7df3008d172f2e46",0.35956,7.338706999999999,-2.6387049999999994,0.0,"Bitcoin Up or Down - March 9, 3:10PM-3:15PM ET",btc-updown-5m-1773083400,https://polymarket-upload.s3.us-east-2.amazonaws.com/BTC+fullsize.png,btc-updown-5m-1773083400,Up,0,Down,"42616374655436494109746817840457589409566439692940704049630234785634028144127","2026-03-09T00:00:00Z",1773085149
"0x2d8b401d2f0e6937afebf18e19e11ca568a5260a","22886515968450239573355524678388492099480744325658286088667900792754833050957","0x47656ab5050793f2800b6ad31205daa078f04ebd5748f98296c3f75ca85d0f33",0.602581,824.950123,-497.09927,0.0,"Bitcoin Up or Down - March 9, 3:05PM-3:10PM ET",btc-updown-5m-1773083100,https://polymarket-upload.s3.us-east-2.amazonaws.com/BTC+fullsize.png,btc-updown-5m-1773083100,Down,1,Up,"81846940210469306366443793746243710686971257772444647328125986554359795801882","2026-03-09T00:00:00Z",1773085097
"0x2d8b401d2f0e6937afebf18e19e11ca568a5260a","81846940210469306366443793746243710686971257772444647328125986554359795801882","0x47656ab5050793f2800b6ad31205daa078f04ebd5748f98296c3f75ca85d0f33",0.320198,520.264131,353.676596,1.0,"Bitcoin Up or Down - March 9, 3:05PM-3:10PM ET",btc-updown-5m-1773083100,https://polymarket-upload.s3.us-east-2.amazonaws.com/BTC+fullsize.png,btc-updown-5m-1773083100,Up,0,Down,"22886515968450239573355524678388492099480744325658286088667900792754833050957","2026-03-09T00:00:00Z",1773085097
"0x2d8b401d2f0e6937afebf18e19e11ca568a5260a","84733993487816100042510635156130695196076847983754146183896634229182042960546","0xb56ab636e60c4064fdb867da9bd5f0ad95898ab42903d011afd25d4155a83e46",0.71477,878.179045,250.483009,1.0,"Bitcoin Up or Down - March 9, 3:00PM-3:05PM ET",btc-updown-5m-1773082800,https://polymarket-upload.s3.us-east-2.amazonaws.com/BTC+fullsize.png,btc-updown-5m-1773082800,Up,0,Down,"31671661906161491333355578731044165591549007980801685489030926504535569907943","2026-03-09T00:00:00Z",1773085083
"0x2d8b401d2f0e6937afebf18e19e11ca568a5260a","31671661906161491333355578731044165591549007980801685489030926504535569907943","0xb56ab636e60c4064fdb867da9bd5f0ad95898ab42903d011afd25d4155a83e46",0.393253,453.604138,-178.381188,0.0,"Bitcoin Up or Down - March 9, 3:00PM-3:05PM ET",btc-updown-5m-1773082800,https://polymarket-upload.s3.us-east-2.amazonaws.com/BTC+fullsize.png,btc-updown-5m-1773082800,Down,1,Up,"84733993487816100042510635156130695196076847983754146183896634229182042960546","2026-03-09T00:00:00Z",1773085083
"0x2d8b401d2f0e6937afebf18e19e11ca568a5260a","86439921761494779474145481773049116983517018385578229187863326499131151702954","0xa6465938fde569ae631db7c405a044faa129813af58176e2906374cb68331703",0.673921,1988.218942,648.316444,1.0,"Bitcoin Up or Down - March 9, 2:55PM-3:00PM ET",btc-updown-5m-1773082500,https://polymarket-upload.s3.us-east-2.amazonaws.com/BTC+fullsize.png,btc-updown-5m-1773082500,Down,1,Up,"96991273339702766258937611363582564370022437508193785493335021453069996454970","2026-03-09T00:00:00Z",1773085009
"0x2d8b401d2f0e6937afebf18e19e11ca568a5260a","96991273339702766258937611363582564370022437508193785493335021453069996454970","0xa6465938fde569ae631db7c405a044faa129813af58176e2906374cb68331703",0.294011,2058.40339,-605.193239,0.0,"Bitcoin Up or Down - March 9, 2:55PM-3:00PM ET",btc-updown-5m-1773082500,https://polymarket-upload.s3.us-east-2.amazonaws.com/BTC+fullsize.png,btc-updown-5m-1773082500,Up,0,Down,"86439921761494779474145481773049116983517018385578229187863326499131151702954","2026-03-09T00:00:00Z",1773085009
"0x2d8b401d2f0e6937afebf18e19e11ca568a5260a","26968375178320355519111974694202320029226241127255482839185939619613852566101","0x6b34350c277322ea40249ec223720db87e28fe5511c994064c8e0fa14199553c",0.583775,2596.860082,1080.878087,1.0,"Bitcoin Up or Down - March 9, 2:50PM-2:55PM ET",btc-updown-5m-1773082200,https://polymarket-upload.s3.us-east-2.amazonaws.com/BTC+fullsize.png,btc-updown-5m-1773082200,Up,0,Down,"106246686077430798274720383109812353825197783735834394560144380774694026804788","2026-03-09T00:00:00Z",1773084835
"0x2d8b401d2f0e6937afebf18e19e11ca568a5260a","106246686077430798274720383109812353825197783735834394560144380774694026804788","0x6b34350c277322ea40249ec223720db87e28fe5511c994064c8e0fa14199553c",0.38791,3521.45888,-1366.009114,0.0,"Bitcoin Up or Down - March 9, 2:50PM-2:55PM ET",btc-updown-5m-1773082200,https://polymarket-upload.s3.us-east-2.amazonaws.com/BTC+fullsize.png,btc-updown-5m-1773082200,Down,1,Up,"26968375178320355519111974694202320029226241127255482839185939619613852566101","2026-03-09T00:00:00Z",1773084835
"0x2d8b401d2f0e6937afebf18e19e11ca568a5260a","8790002136616082794651758467974249343444667509363069812040895501739607750513","0x98ce4ada6aa3c3944fb8b75512e028d986f49f4ddb75fcb94c4cd7e2f1b3d72e",0.42332899999999996,3708.373161,2138.511259,1.0,"Bitcoin Up or Down - March 9, 2:45PM-2:50PM ET",btc-updown-5m-1773081900,https://polymarket-upload.s3.us-east-2.amazonaws.com/BTC+fullsize.png,btc-updown-5m-1773081900,Down,1,Up,"11565322421732203527190326760808313236039219661612568605528517239726916443954","2026-03-09T00:00:00Z",1773084719
"0x2d8b401d2f0e6937afebf18e19e11ca568a5260a","11565322421732203527190326760808313236039219661612568605528517239726916443954","0x98ce4ada6aa3c3944fb8b75512e028d986f49f4ddb75fcb94c4cd7e2f1b3d72e",0.565414,4019.751673,-2272.823872,0.0,"Bitcoin Up or Down - March 9, 2:45PM-2:50PM ET",btc-updown-5m-1773081900,https://polymarket-upload.s3.us-east-2.amazonaws.com/BTC+fullsize.png,btc-updown-5m-1773081900,Up,0,Down,"8790002136616082794651758467974249343444667509363069812040895501739607750513","2026-03-09T00:00:00Z",1773084719
"0x2d8b401d2f0e6937afebf18e19e11ca568a5260a","4990464522657624802711550629763201024101308338750376289701198789285818728672","0xb66f5774ef1f3532bb831100fd947b0e7f41ace128e635d4ae0836f81afe4f0e",0.439502,4328.518829,-1902.392682,0.0,"Bitcoin Up or Down - March 9, 2:40PM-2:45PM ET",btc-updown-5m-1773081600,https://polymarket-upload.s3.us-east-2.amazonaws.com/BTC+fullsize.png,btc-updown-5m-1773081600,Up,0,Down,"107180050167135107672717237912085893871658424718674294752773157813795741982759","2026-03-09T00:00:00Z",1773084695
"0x2d8b401d2f0e6937afebf18e19e11ca568a5260a","107180050167135107672717237912085893871658424718674294752773157813795741982759","0xb66f5774ef1f3532bb831100fd947b0e7f41ace128e635d4ae0836f81afe4f0e",0.502709,4236.993261,2107.018615,1.0,"Bitcoin Up or Down - March 9, 2:40PM-2:45PM ET",btc-updown-5m-1773081600,https://polymarket-upload.s3.us-east-2.amazonaws.com/BTC+fullsize.png,btc-updown-5m-1773081600,Down,1,Up,"4990464522657624802711550629763201024101308338750376289701198789285818728672","2026-03-09T00:00:00Z",1773084695
"0x2d8b401d2f0e6937afebf18e19e11ca568a5260a","95968015956882659377975709396461910640524079430862393927479134687120380370281","0x1da163d2ac43fcdf23d5097fc32178b10c2ec301c207dc999ed9a29bc6746e33",0.260348,1228.680126,-319.884413,0.0,"Bitcoin Up or Down - March 9, 2:35PM-2:40PM ET",btc-updown-5m-1773081300,https://polymarket-upload.s3.us-east-2.amazonaws.com/BTC+fullsize.png,btc-updown-5m-1773081300,Up,0,Down,"40386092350780717062399386666633527528113295275959731123727526690533867715361","2026-03-09T00:00:00Z",1773085039
"0x2d8b401d2f0e6937afebf18e19e11ca568a5260a","40386092350780717062399386666633527528113295275959731123727526690533867715361","0x1da163d2ac43fcdf23d5097fc32178b10c2ec301c207dc999ed9a29bc6746e33",0.7157,1762.663593,501.125259,1.0,"Bitcoin Up or Down - March 9, 2:35PM-2:40PM ET",btc-updown-5m-1773081300,https://polymarket-upload.s3.us-east-2.amazonaws.com/BTC+fullsize.png,btc-updown-5m-1773081300,Down,1,Up,"95968015956882659377975709396461910640524079430862393927479134687120380370281","2026-03-09T00:00:00Z",1773085039
"0x2d8b401d2f0e6937afebf18e19e11ca568a5260a","8967699678277560503643731920697235453633882493785617488136355976894374290463","0x2a09ed82a10bb189a90abb54ebad4676e8b639fc48e01ef5b8137a9c16149d23",0.267306,2316.596196,-619.240062,0.0,"Bitcoin Up or Down - March 9, 2:30PM-2:35PM ET",btc-updown-5m-1773081000,https://polymarket-upload.s3.us-east-2.amazonaws.com/BTC+fullsize.png,btc-updown-5m-1773081000,Down,1,Up,"110108516045437993768825712886966450081635465448777374177249544487094237084188","2026-03-09T00:00:00Z",1773084949
"0x2d8b401d2f0e6937afebf18e19e11ca568a5260a","110108516045437993768825712886966450081635465448777374177249544487094237084188","0x2a09ed82a10bb189a90abb54ebad4676e8b639fc48e01ef5b8137a9c16149d23",0.714449,2336.75401,667.262444,1.0,"Bitcoin Up or Down - March 9, 2:30PM-2:35PM ET",btc-updown-5m-1773081000,https://polymarket-upload.s3.us-east-2.amazonaws.com/BTC+fullsize.png,btc-updown-5m-1773081000,Up,0,Down,"8967699678277560503643731920697235453633882493785617488136355976894374290463","2026-03-09T00:00:00Z",1773084949
"0x2d8b401d2f0e6937afebf18e19e11ca568a5260a","87576776860523072105543870872107097957987789406892437907062497132205951405913","0xb1f1b5fcc8c22efcf364d155852cd30867454801fd55bb8fcd5c6beb31efde9d",0.547225,3969.084221,1797.102108,1.0,"Bitcoin Up or Down - March 9, 2:25PM-2:30PM ET",btc-updown-5m-1773080700,https://polymarket-upload.s3.us-east-2.amazonaws.com/BTC+fullsize.png,btc-updown-5m-1773080700,Down,1,Up,"71354123089911213982192087874175384534314832767114911345030369719250082826304","2026-03-09T00:00:00Z",1773084735
"0x2d8b401d2f0e6937afebf18e19e11ca568a5260a","71354123089911213982192087874175384534314832767114911345030369719250082826304","0xb1f1b5fcc8c22efcf364d155852cd30867454801fd55bb8fcd5c6beb31efde9d",0.403859,3890.942094,-1571.391983,0.0,"Bitcoin Up or Down - March 9, 2:25PM-2:30PM ET",btc-updown-5m-1773080700,https://polymarket-upload.s3.us-east-2.amazonaws.com/BTC+fullsize.png,btc-updown-5m-1773080700,Up,0,Down,"87576776860523072105543870872107097957987789406892437907062497132205951405913","2026-03-09T00:00:00Z",1773084735
"0x2d8b401d2f0e6937afebf18e19e11ca568a5260a","25358120753345703824518843954125716096593002208331636685703712775137470458918","0xad3ff2677db93caf239d52ac783f80b5a80f43e1c039e77ce62ecc5bf5397a47",0.232782,3456.953616,-804.7165760000001,0.0,"Bitcoin Up or Down - March 9, 2:20PM-2:25PM ET",btc-updown-5m-1773080400,https://polymarket-upload.s3.us-east-2.amazonaws.com/BTC+fullsize.png,btc-updown-5m-1773080400,Up,0,Down,"68508014139874681558787070926088932210500435778681653948827946682991177117052","2026-03-09T00:00:00Z",1773084849
"0x2d8b401d2f0e6937afebf18e19e11ca568a5260a","68508014139874681558787070926088932210500435778681653948827946682991177117052","0xad3ff2677db93caf239d52ac783f80b5a80f43e1c039e77ce62ecc5bf5397a47",0.700851,3406.105036,1018.9329150000001,1.0,"Bitcoin Up or Down - March 9, 2:20PM-2:25PM ET",btc-updown-5m-1773080400,https://polymarket-upload.s3.us-east-2.amazonaws.com/BTC+fullsize.png,btc-updown-5m-1773080400,Down,1,Up,"25358120753345703824518843954125716096593002208331636685703712775137470458918","2026-03-09T00:00:00Z",1773084849
"0x2d8b401d2f0e6937afebf18e19e11ca568a5260a","96984050833180988804345811015285810657930986413672923445202732044349112447941","0x726d883bab05c0f9a697d315ddf87d75e2c8feb62279d1c214e1da993ee80006",0.347157,2874.490458,-997.899483,0.0,"Bitcoin Up or Down - March 9, 2:15PM-2:20PM ET",btc-updown-5m-1773080100,https://polymarket-upload.s3.us-east-2.amazonaws.com/BTC+fullsize.png,btc-updown-5m-1773080100,Down,1,Up,"96392805484908418161032119985098569543846575047131924267771122713407510667715","2026-03-09T00:00:00Z",1773084919
"0x2d8b401d2f0e6937afebf18e19e11ca568a5260a","96392805484908418161032119985098569543846575047131924267771122713407510667715","0x726d883bab05c0f9a697d315ddf87d75e2c8feb62279d1c214e1da993ee80006",0.602644,2293.189676,911.212676,1.0,"Bitcoin Up or Down - March 9, 2:15PM-2:20PM ET",btc-updown-5m-1773080100,https://polymarket-upload.s3.us-east-2.amazonaws.com/BTC+fullsize.png,btc-updown-5m-1773080100,Up,0,Down,"96984050833180988804345811015285810657930986413672923445202732044349112447941","2026-03-09T00:00:00Z",1773084919
"0x2d8b401d2f0e6937afebf18e19e11ca568a5260a","112602047267860377694422496305614645015351593255752766162369580091013240000268","0x3152742887cedacc7c06b5819065439c7a4b5416d03516f8328bec64bbdbab54",0.238549,2866.195019,-683.727955,0.0,"Bitcoin Up or Down - March 9, 2:10PM-2:15PM ET",btc-updown-5m-1773079800,https://polymarket-upload.s3.us-east-2.amazonaws.com/BTC+fullsize.png,btc-updown-5m-1773079800,Down,1,Up,"91328608644117694497681181535523799355241875514857287111586048925254105087274","2026-03-09T00:00:00Z",1773084909
"0x2d8b401d2f0e6937afebf18e19e11ca568a5260a","91328608644117694497681181535523799355241875514857287111586048925254105087274","0x3152742887cedacc7c06b5819065439c7a4b5416d03516f8328bec64bbdbab54",0.752106,2900.050964,718.905233,1.0,"Bitcoin Up or Down - March 9, 2:10PM-2:15PM ET",btc-updown-5m-1773079800,https://polymarket-upload.s3.us-east-2.amazonaws.com/BTC+fullsize.png,btc-updown-5m-1773079800,Up,0,Down,"112602047267860377694422496305614645015351593255752766162369580091013240000268","2026-03-09T00:00:00Z",1773084909
"0x2d8b401d2f0e6937afebf18e19e11ca568a5260a","45457216365997566951484925998523330212895731294369053613259460982038378742725","0xf71564572fba799fa6d904168733dfec95152a6c8045512c39f52b07ac56d926",0.591091,3554.930129,1453.6429240000002,1.0,"Bitcoin Up or Down - March 9, 2:05PM-2:10PM ET",btc-updown-5m-1773079500,https://polymarket-upload.s3.us-east-2.amazonaws.com/BTC+fullsize.png,btc-updown-5m-1773079500,Down,1,Up,"31825094071540423986893110199607196717801682848121165292959263439623114898052","2026-03-09T00:00:00Z",1773084779
"0x2d8b401d2f0e6937afebf18e19e11ca568a5260a","31825094071540423986893110199607196717801682848121165292959263439623114898052","0xf71564572fba799fa6d904168733dfec95152a6c8045512c39f52b07ac56d926",0.385911,3688.259573,-1423.33994,0.0,"Bitcoin Up or Down - March 9, 2:05PM-2:10PM ET",btc-updown-5m-1773079500,https://polymarket-upload.s3.us-east-2.amazonaws.com/BTC+fullsize.png,btc-updown-5m-1773079500,Up,0,Down,"45457216365997566951484925998523330212895731294369053613259460982038378742725","2026-03-09T00:00:00Z",1773084779
"0x2d8b401d2f0e6937afebf18e19e11ca568a5260a","87872284091891966380123271899441360694891331378877206844949935325125788244957","0xea3578b53d931e201621bb7c910aa6bbd056b9e8299638970088cac966808fa4",0.29819,2938.222438,-876.148548,0.0,"Bitcoin Up or Down - March 9, 2:00PM-2:05PM ET",btc-updown-5m-1773079200,https://polymarket-upload.s3.us-east-2.amazonaws.com/BTC+fullsize.png,btc-updown-5m-1773079200,Up,0,Down,"114730209125630880098983645645396157970456580035786584654147037174838322797540","2026-03-09T00:00:00Z",1773084893
"0x2d8b401d2f0e6937afebf18e19e11ca568a5260a","114730209125630880098983645645396157970456580035786584654147037174838322797540","0xea3578b53d931e201621bb7c910aa6bbd056b9e8299638970088cac966808fa4",0.694824,2314.048851,706.1921720000001,1.0,"Bitcoin Up or Down - March 9, 2:00PM-2:05PM ET",btc-updown-5m-1773079200,https://polymarket-upload.s3.us-east-2.amazonaws.com/BTC+fullsize.png,btc-updown-5m-1773079200,Down,1,Up,"87872284091891966380123271899441360694891331378877206844949935325125788244957","2026-03-09T00:00:00Z",1773084893
"0x2d8b401d2f0e6937afebf18e19e11ca568a5260a","91116643850950473259538706078212506016536162122007534788192496358399313846053","0x7d330ad260d563b4b2c36c892936ee5e7a515a43bbd901b95e2f2f7053b3f80a",0.536803,4387.551318,-2355.25071,0.0,"Bitcoin Up or Down - March 9, 1:55PM-2:00PM ET",btc-updown-5m-1773078900,https://polymarket-upload.s3.us-east-2.amazonaws.com/BTC+fullsize.png,btc-updown-5m-1773078900,Up,0,Down,"37318785595231338666782174217273142712601129446333831450787773944313372981777","2026-03-09T00:00:00Z",1773084635
"0x2d8b401d2f0e6937afebf18e19e11ca568a5260a","37318785595231338666782174217273142712601129446333831450787773944313372981777","0x7d330ad260d563b4b2c36c892936ee5e7a515a43bbd901b95e2f2f7053b3f80a",0.411422,5092.933222000001,2997.588449,1.0,"Bitcoin Up or Down - March 9, 1:55PM-2:00PM ET",btc-updown-5m-1773078900,https://polymarket-upload.s3.us-east-2.amazonaws.com/BTC+fullsize.png,btc-updown-5m-1773078900,Down,1,Up,"91116643850950473259538706078212506016536162122007534788192496358399313846053","2026-03-09T00:00:00Z",1773084635
"0x2d8b401d2f0e6937afebf18e19e11ca568a5260a","23339153388731070070291553264090217777127085913247407357206158020966529418842","0xd2739d7adf325b4e5f62048ff08010e897fd98c8ad90ff090c60535a4fc01877",0.761244,758.897206,181.191261,1.0,"Bitcoin Up or Down - March 9, 1:50PM-1:55PM ET",btc-updown-5m-1773078600,https://polymarket-upload.s3.us-east-2.amazonaws.com/BTC+fullsize.png,btc-updown-5m-1773078600,Up,0,Down,"28726361358429740306456007351847397614391483205179612341053678156483640583635","2026-03-09T00:00:00Z",1773085053
"0x2d8b401d2f0e6937afebf18e19e11ca568a5260a","28726361358429740306456007351847397614391483205179612341053678156483640583635","0xd2739d7adf325b4e5f62048ff08010e897fd98c8ad90ff090c60535a4fc01877",0.252289,1412.751916,-356.421768,0.0,"Bitcoin Up or Down - March 9, 1:50PM-1:55PM ET",btc-updown-5m-1773078600,https://polymarket-upload.s3.us-east-2.amazonaws.com/BTC+fullsize.png,btc-updown-5m-1773078600,Down,1,Up,"23339153388731070070291553264090217777127085913247407357206158020966529418842","2026-03-09T00:00:00Z",1773085053
"0x2d8b401d2f0e6937afebf18e19e11ca568a5260a","12951318646860810213221807155504923880661159412478617074573058785232154506944","0x3c0be1f3e95296b2dd183005766892d75b376e2439760d04fd2be523f50b792c",0.676682,2655.07255,858.432746,1.0,"Bitcoin Up or Down - March 9, 1:45PM-1:50PM ET",btc-updown-5m-1773078300,https://polymarket-upload.s3.us-east-2.amazonaws.com/BTC+fullsize.png,btc-updown-5m-1773078300,Up,0,Down,"106766297381616100746889915704377993495064625032375460474136884003705004386949","2026-03-09T00:00:00Z",1773084795
"0x2d8b401d2f0e6937afebf18e19e11ca568a5260a","106766297381616100746889915704377993495064625032375460474136884003705004386949","0x3c0be1f3e95296b2dd183005766892d75b376e2439760d04fd2be523f50b792c",0.288834,3647.744739,-1053.592703,0.0,"Bitcoin Up or Down - March 9, 1:45PM-1:50PM ET",btc-updown-5m-1773078300,https://polymarket-upload.s3.us-east-2.amazonaws.com/BTC+fullsize.png,btc-updown-5m-1773078300,Down,1,Up,"12951318646860810213221807155504923880661159412478617074573058785232154506944","2026-03-09T00:00:00Z",1773084795
"0x2d8b401d2f0e6937afebf18e19e11ca568a5260a","110159922023115852547182493460719539988988896449588130393031439120230749631003","0x1c515138df40a7f754ce401c713f50901a570130f7a03fe8493d893519e88e37",0.36987,4354.408825,-1610.565192,0.0,"Bitcoin Up or Down - March 9, 1:40PM-1:45PM ET",btc-updown-5m-1773078000,https://polymarket-upload.s3.us-east-2.amazonaws.com/BTC+fullsize.png,btc-updown-5m-1773078000,Up,0,Down,"19593090461301019772090049932920483223168592456607156318121334585180909142850","2026-03-09T00:00:00Z",1773084681
"0x2d8b401d2f0e6937afebf18e19e11ca568a5260a","19593090461301019772090049932920483223168592456607156318121334585180909142850","0x1c515138df40a7f754ce401c713f50901a570130f7a03fe8493d893519e88e37",0.593053,4234.200365,1723.095135,1.0,"Bitcoin Up or Down - March 9, 1:40PM-1:45PM ET",btc-updown-5m-1773078000,https://polymarket-upload.s3.us-east-2.amazonaws.com/BTC+fullsize.png,btc-updown-5m-1773078000,Down,1,Up,"110159922023115852547182493460719539988988896449588130393031439120230749631003","2026-03-09T00:00:00Z",1773084681
"0x2d8b401d2f0e6937afebf18e19e11ca568a5260a","41001991311306885106399360543049612240049337298557213792820707396831220175575","0xb175c3f4e22ccab5910fdd455c9d8edd5da1a098e4e618893b47d3c0afbe20ee",0.290408,4792.989799,-1391.922581,0.0,"Bitcoin Up or Down - March 9, 1:35PM-1:40PM ET",btc-updown-5m-1773077700,https://polymarket-upload.s3.us-east-2.amazonaws.com/BTC+fullsize.png,btc-updown-5m-1773077700,Up,0,Down,"65818609964326608140352849142654259492127066152135217840783893660162082705104","2026-03-09T00:00:00Z",1773084619
"0x2d8b401d2f0e6937afebf18e19e11ca568a5260a","65818609964326608140352849142654259492127066152135217840783893660162082705104","0xb175c3f4e22ccab5910fdd455c9d8edd5da1a098e4e618893b47d3c0afbe20ee",0.682426,5174.303164,1643.224153,1.0,"Bitcoin Up or Down - March 9, 1:35PM-1:40PM ET",btc-updown-5m-1773077700,https://polymarket-upload.s3.us-east-2.amazonaws.com/BTC+fullsize.png,btc-updown-5m-1773077700,Down,1,Up,"41001991311306885106399360543049612240049337298557213792820707396831220175575","2026-03-09T00:00:00Z",1773084619
"0x2d8b401d2f0e6937afebf18e19e11ca568a5260a","79801537455451086865107895246836856418273959396539536395934620420866487326918","0x5035e2e03db712ed3aecb8e4112d95e825db2769269691aeb78e3afff4c5e488",0.33371599999999996,3533.374037,2354.230586,1.0,"Bitcoin Up or Down - March 9, 1:30PM-1:35PM ET",btc-updown-5m-1773077400,https://polymarket-upload.s3.us-east-2.amazonaws.com/BTC+fullsize.png,btc-updown-5m-1773077400,Down,1,Up,"52014045981678107737664962480413143969347378931566886604323482444513630878369","2026-03-09T00:00:00Z",1773084819
"0x2d8b401d2f0e6937afebf18e19e11ca568a5260a","52014045981678107737664962480413143969347378931566886604323482444513630878369","0x5035e2e03db712ed3aecb8e4112d95e825db2769269691aeb78e3afff4c5e488",0.671993,3212.582556,-2158.832989,0.0,"Bitcoin Up or Down - March 9, 1:30PM-1:35PM ET",btc-updown-5m-1773077400,https://polymarket-upload.s3.us-east-2.amazonaws.com/BTC+fullsize.png,btc-updown-5m-1773077400,Up,0,Down,"79801537455451086865107895246836856418273959396539536395934620420866487326918","2026-03-09T00:00:00Z",1773084819
"0x2d8b401d2f0e6937afebf18e19e11ca568a5260a","77840744159666270740819528669585231997588738545125147783671822930679944556372","0xeecd9df7991ca12a5271187d5a1a61a65e4d1585ccd99fd6123ed77729b6ca9d",0.693002,2199.953117,675.3812070000001,1.0,"Bitcoin Up or Down - March 9, 1:25PM-1:30PM ET",btc-updown-5m-1773077100,https://polymarket-upload.s3.us-east-2.amazonaws.com/BTC+fullsize.png,btc-updown-5m-1773077100,Down,1,Up,"16735273705642626061822415021534911163315788878987020693497259590830500601965","2026-03-09T00:00:00Z",1773084935
"0x2d8b401d2f0e6937afebf18e19e11ca568a5260a","16735273705642626061822415021534911163315788878987020693497259590830500601965","0xeecd9df7991ca12a5271187d5a1a61a65e4d1585ccd99fd6123ed77729b6ca9d",0.26276,2708.023039,-711.560133,0.0,"Bitcoin Up or Down - March 9, 1:25PM-1:30PM ET",btc-updown-5m-1773077100,https://polymarket-upload.s3.us-east-2.amazonaws.com/BTC+fullsize.png,btc-updown-5m-1773077100,Up,0,Down,"77840744159666270740819528669585231997588738545125147783671822930679944556372","2026-03-09T00:00:00Z",1773084935
"0x2d8b401d2f0e6937afebf18e19e11ca568a5260a","41063708550846175065076402018918971238219651379944071491201030660101544328748","0xfacb328ed8da84b7ed68981c16ab043db704d48decc9079b93f774d3136d656b",0.626333,1954.714817,730.412421,1.0,"Bitcoin Up or Down - March 9, 1:20PM-1:25PM ET",btc-updown-5m-1773076800,https://polymarket-upload.s3.us-east-2.amazonaws.com/BTC+fullsize.png,btc-updown-5m-1773076800,Down,1,Up,"63078696720037283501400749813853356884104687312904621068327135581161482105169","2026-03-09T00:00:00Z",1773077501
"0x2d8b401d2f0e6937afebf18e19e11ca568a5260a","96663325051489516460797099438702405143839093761669465681479247055842625811681","0x957963f85e7dd3409ef7fc3a91e15de110f7ea5f069bcbdb038208e7afbcc1eb",0.548172,2214.766257,-1214.072848,0.0,"Bitcoin Up or Down - March 9, 1:15PM-1:20PM ET",btc-updown-5m-1773076500,https://polymarket-upload.s3.us-east-2.amazonaws.com/BTC+fullsize.png,btc-updown-5m-1773076500,Up,0,Down,"25986673949815783407986035762060039244994307287346733398429164171608476710192","2026-03-09T00:00:00Z",1773077501
"0x2d8b401d2f0e6937afebf18e19e11ca568a5260a","25986673949815783407986035762060039244994307287346733398429164171608476710192","0x957963f85e7dd3409ef7fc3a91e15de110f7ea5f069bcbdb038208e7afbcc1eb",0.489798,1649.41953,841.5371430000001,1.0,"Bitcoin Up or Down - March 9, 1:15PM-1:20PM ET",btc-updown-5m-1773076500,https://polymarket-upload.s3.us-east-2.amazonaws.com/BTC+fullsize.png,btc-updown-5m-1773076500,Down,1,Up,"96663325051489516460797099438702405143839093761669465681479247055842625811681","2026-03-09T00:00:00Z",1773077501
"0x2d8b401d2f0e6937afebf18e19e11ca568a5260a","47990977221240221566107308388698801052536142139018705934223780102230846958787","0xd6d6f6955dde29d72476e2e460dfdbb1233a637458c42f432568aa8dc7246c93",0.523373,4446.561787,2119.351404,1.0,"Bitcoin Up or Down - March 9, 1:10PM-1:15PM ET",btc-updown-5m-1773076200,https://polymarket-upload.s3.us-east-2.amazonaws.com/BTC+fullsize.png,btc-updown-5m-1773076200,Down,1,Up,"90309837787822178863043765305433824437094289968729535955728185815956972617750","2026-03-09T00:00:00Z",1773077501
"0x2d8b401d2f0e6937afebf18e19e11ca568a5260a","90309837787822178863043765305433824437094289968729535955728185815956972617750","0xd6d6f6955dde29d72476e2e460dfdbb1233a637458c42f432568aa8dc7246c93",0.441187,3803.219566,-1677.93103,0.0,"Bitcoin Up or Down - March 9, 1:10PM-1:15PM ET",btc-updown-5m-1773076200,https://polymarket-upload.s3.us-east-2.amazonaws.com/BTC+fullsize.png,btc-updown-5m-1773076200,Up,0,Down,"47990977221240221566107308388698801052536142139018705934223780102230846958787","2026-03-09T00:00:00Z",1773077501
"0x2d8b401d2f0e6937afebf18e19e11ca568a5260a","2569279244344213846776634152378501163373662095430320174128710387672387482702","0xd67a66437f07fdeec57757974d48f4d5cfc0366f9c80563dd8be644022d6561d",0.603696,1296.186928,513.684064,1.0,"Bitcoin Up or Down - March 9, 1:05PM-1:10PM ET",btc-updown-5m-1773075900,https://polymarket-upload.s3.us-east-2.amazonaws.com/BTC+fullsize.png,btc-updown-5m-1773075900,Up,0,Down,"19381238635774349870466234398534701150741497248599597144050367708635294285358","2026-03-09T00:00:00Z",1773077501
"0x2d8b401d2f0e6937afebf18e19e11ca568a5260a","19381238635774349870466234398534701150741497248599597144050367708635294285358","0xd67a66437f07fdeec57757974d48f4d5cfc0366f9c80563dd8be644022d6561d",0.300672,1006.413652,-302.600405,0.0,"Bitcoin Up or Down - March 9, 1:05PM-1:10PM ET",btc-updown-5m-1773075900,https://polymarket-upload.s3.us-east-2.amazonaws.com/BTC+fullsize.png,btc-updown-5m-1773075900,Down,1,Up,"2569279244344213846776634152378501163373662095430320174128710387672387482702","2026-03-09T00:00:00Z",1773077501
"0x2d8b401d2f0e6937afebf18e19e11ca568a5260a","9319941065714499020697824765185516071484769451501773041813401703981068026928","0x7456fc4fa68c9123de73a50d9af455fe9bf6f7bf241e5f8053c97c93c0290f4c",0.497603,4146.406722,2083.142297,1.0,"Bitcoin Up or Down - March 9, 1:00PM-1:05PM ET",btc-updown-5m-1773075600,https://polymarket-upload.s3.us-east-2.amazonaws.com/BTC+fullsize.png,btc-updown-5m-1773075600,Down,1,Up,"14810260044192675228743298882155861424866232696869170921414067611938437966088","2026-03-09T00:00:00Z",1773077501
"0x2d8b401d2f0e6937afebf18e19e11ca568a5260a","14810260044192675228743298882155861424866232696869170921414067611938437966088","0x7456fc4fa68c9123de73a50d9af455fe9bf6f7bf241e5f8053c97c93c0290f4c",0.491883,4201.190394,-2066.494134,0.0,"Bitcoin Up or Down - March 9, 1:00PM-1:05PM ET",btc-updown-5m-1773075600,https://polymarket-upload.s3.us-east-2.amazonaws.com/BTC+fullsize.png,btc-updown-5m-1773075600,Up,0,Down,"9319941065714499020697824765185516071484769451501773041813401703981068026928","2026-03-09T00:00:00Z",1773077501
"0x2d8b401d2f0e6937afebf18e19e11ca568a5260a","51438153929837578860915006257310203140451619859284900030269755423866152881468","0xa33f5c87adf86d0441f69a6cbd0ef3a5695e14308890e06a39ba6a3e37e9a0f5",0.58779,2932.917342,1208.977857,1.0,"Bitcoin Up or Down - March 9, 12:55PM-1:00PM ET",btc-updown-5m-1773075300,https://polymarket-upload.s3.us-east-2.amazonaws.com/BTC+fullsize.png,btc-updown-5m-1773075300,Down,1,Up,"71963909400506295462625573575646087227264263982520033840828010587852624608463","2026-03-09T00:00:00Z",1773077501
"0x2d8b401d2f0e6937afebf18e19e11ca568a5260a","71963909400506295462625573575646087227264263982520033840828010587852624608463","0xa33f5c87adf86d0441f69a6cbd0ef3a5695e14308890e06a39ba6a3e37e9a0f5",0.423116,3265.650693,-1381.749058,0.0,"Bitcoin Up or Down - March 9, 12:55PM-1:00PM ET",btc-updown-5m-1773075300,https://polymarket-upload.s3.us-east-2.amazonaws.com/BTC+fullsize.png,btc-updown-5m-1773075300,Up,0,Down,"51438153929837578860915006257310203140451619859284900030269755423866152881468","2026-03-09T00:00:00Z",1773077501
"0x2d8b401d2f0e6937afebf18e19e11ca568a5260a","55743838473291516650841785380667212312644910847916530138436075959920422946344","0x3511ebaf9d5db4ba5c2fe2adf11cd18e83f041facab9275e2b45eb10056bc8f9",0.622584,1660.927782,-1034.067062,0.0,"Bitcoin Up or Down - March 9, 12:50PM-12:55PM ET",btc-updown-5m-1773075000,https://polymarket-upload.s3.us-east-2.amazonaws.com/BTC+fullsize.png,btc-updown-5m-1773075000,Up,0,Down,"61444474984036386750081681102128265825026330322319860228886444493681662151084","2026-03-09T00:00:00Z",1773077501
"0x2d8b401d2f0e6937afebf18e19e11ca568a5260a","61444474984036386750081681102128265825026330322319860228886444493681662151084","0x3511ebaf9d5db4ba5c2fe2adf11cd18e83f041facab9275e2b45eb10056bc8f9",0.323586,2164.10556,1463.831298,1.0,"Bitcoin Up or Down - March 9, 12:50PM-12:55PM ET",btc-updown-5m-1773075000,https://polymarket-upload.s3.us-east-2.amazonaws.com/BTC+fullsize.png,btc-updown-5m-1773075000,Down,1,Up,"55743838473291516650841785380667212312644910847916530138436075959920422946344","2026-03-09T00:00:00Z",1773077501
"0x2d8b401d2f0e6937afebf18e19e11ca568a5260a","40488757368479179871745834806729855438671238508804297981833735871496258187812","0x3d7d4c038eca418f3a85b0f3d004c3f9f98d4ae2d1c6fc7510ec3add1499edf5",0.66169,1667.467365,564.120884,1.0,"Bitcoin Up or Down - March 9, 12:45PM-12:50PM ET",btc-updown-5m-1773074700,https://polymarket-upload.s3.us-east-2.amazonaws.com/BTC+fullsize.png,btc-updown-5m-1773074700,Down,1,Up,"36201104087921751360431235015716746936870040639303560704513068053633767061293","2026-03-09T00:00:00Z",1773077501
"0x2d8b401d2f0e6937afebf18e19e11ca568a5260a","36201104087921751360431235015716746936870040639303560704513068053633767061293","0x3d7d4c038eca418f3a85b0f3d004c3f9f98d4ae2d1c6fc7510ec3add1499edf5",0.25599,2323.868297,-594.887045,0.0,"Bitcoin Up or Down - March 9, 12:45PM-12:50PM ET",btc-updown-5m-1773074700,https://polymarket-upload.s3.us-east-2.amazonaws.com/BTC+fullsize.png,btc-updown-5m-1773074700,Up,0,Down,"40488757368479179871745834806729855438671238508804297981833735871496258187812","2026-03-09T00:00:00Z",1773077501
"0x2d8b401d2f0e6937afebf18e19e11ca568a5260a","9159188003350187679688146219383274351309498211725900194529725288226046012268","0xce1f99494059f053b63a3d718f008796ba909de78cb6dba645157fee4296528a",0.16867299999999996,2788.260856,-470.304323,0.0,"Bitcoin Up or Down - March 9, 12:40PM-12:45PM ET",btc-updown-5m-1773074400,https://polymarket-upload.s3.us-east-2.amazonaws.com/BTC+fullsize.png,btc-updown-5m-1773074400,Down,1,Up,"52732922259000437322246922250094361029364612127308366316085860268972278391068","2026-03-09T00:00:00Z",1773077501
"0x2d8b401d2f0e6937afebf18e19e11ca568a5260a","52732922259000437322246922250094361029364612127308366316085860268972278391068","0xce1f99494059f053b63a3d718f008796ba909de78cb6dba645157fee4296528a",0.734847,2191.460694,581.072377,1.0,"Bitcoin Up or Down - March 9, 12:40PM-12:45PM ET",btc-updown-5m-1773074400,https://polymarket-upload.s3.us-east-2.amazonaws.com/BTC+fullsize.png,btc-updown-5m-1773074400,Up,0,Down,"9159188003350187679688146219383274351309498211725900194529725288226046012268","2026-03-09T00:00:00Z",1773077501
"0x2d8b401d2f0e6937afebf18e19e11ca568a5260a","29789791564937087064342259700492414289870143536140292268975024586492681234494","0xc6a0431dc41032040f3347503857cfce3ba3b135141095b93c651b790f35ef1a",0.808097,2585.759125,496.214933,1.0,"Bitcoin Up or Down - March 9, 12:35PM-12:40PM ET",btc-updown-5m-1773074100,https://polymarket-upload.s3.us-east-2.amazonaws.com/BTC+fullsize.png,btc-updown-5m-1773074100,Up,0,Down,"101336798490519055686658211857712421363076541966651959174677360376505725500279","2026-03-09T00:00:00Z",1773077501
"0x2d8b401d2f0e6937afebf18e19e11ca568a5260a","101336798490519055686658211857712421363076541966651959174677360376505725500279","0xc6a0431dc41032040f3347503857cfce3ba3b135141095b93c651b790f35ef1a",0.160919,2173.282684,-349.722476,0.0,"Bitcoin Up or Down - March 9, 12:35PM-12:40PM ET",btc-updown-5m-1773074100,https://polymarket-upload.s3.us-east-2.amazonaws.com/BTC+fullsize.png,btc-updown-5m-1773074100,Down,1,Up,"29789791564937087064342259700492414289870143536140292268975024586492681234494","2026-03-09T00:00:00Z",1773077501
"0x2d8b401d2f0e6937afebf18e19e11ca568a5260a","99081650428469135352132550299367679095571603433186128682871969212337449214961","0x72474bff2b903be9a38d2881ef3ffee2e79e45e7c6173d6169880604c039b9bb",0.362615,1611.35037,-584.299814,0.0,"Bitcoin Up or Down - March 9, 12:30PM-12:35PM ET",btc-updown-5m-1773073800,https://polymarket-upload.s3.us-east-2.amazonaws.com/BTC+fullsize.png,btc-updown-5m-1773073800,Up,0,Down,"68462653787684548248248634176708304795800552657209961699540023853414770855721","2026-03-09T00:00:00Z",1773077501
"0x2d8b401d2f0e6937afebf18e19e11ca568a5260a","15024163854471690621481708859460530408521414513657436503668176317740397173869","0x91543a2bb60bdc19568b3bb481712d07f8e2db3daa4bb0daa45373a42f246d48",0.521079,4424.811368,2119.135085,1.0,"Bitcoin Up or Down - March 9, 12:25PM-12:30PM ET",btc-updown-5m-1773073500,https://polymarket-upload.s3.us-east-2.amazonaws.com/BTC+fullsize.png,btc-updown-5m-1773073500,Up,0,Down,"73681211627161405522443637941855073611868725005404425594168025333329641375971","2026-03-09T00:00:00Z",1773077501
"0x2d8b401d2f0e6937afebf18e19e11ca568a5260a","73681211627161405522443637941855073611868725005404425594168025333329641375971","0x91543a2bb60bdc19568b3bb481712d07f8e2db3daa4bb0daa45373a42f246d48",0.472351,4434.584916,-2094.680619,0.0,"Bitcoin Up or Down - March 9, 12:25PM-12:30PM ET",btc-updown-5m-1773073500,https://polymarket-upload.s3.us-east-2.amazonaws.com/BTC+fullsize.png,btc-updown-5m-1773073500,Down,1,Up,"15024163854471690621481708859460530408521414513657436503668176317740397173869","2026-03-09T00:00:00Z",1773077501
"0x2d8b401d2f0e6937afebf18e19e11ca568a5260a","9296188313298428324151239123333959066956519192847447861591792766888436227776","0xfdbbfc341ae324011679070a1d147c34cab05c7ff1fb010c3609433659d826af",0.499116,4285.166056,2146.371114,1.0,"Bitcoin Up or Down - March 9, 12:20PM-12:25PM ET",btc-updown-5m-1773073200,https://polymarket-upload.s3.us-east-2.amazonaws.com/BTC+fullsize.png,btc-updown-5m-1773073200,Up,0,Down,"77952611794261756180802502623651324905050530479873793632215437633185816780952","2026-03-09T00:00:00Z",1773073807
"0x2d8b401d2f0e6937afebf18e19e11ca568a5260a","77952611794261756180802502623651324905050530479873793632215437633185816780952","0xfdbbfc341ae324011679070a1d147c34cab05c7ff1fb010c3609433659d826af",0.492019,5108.94546,-2513.698236,0.0,"Bitcoin Up or Down - March 9, 12:20PM-12:25PM ET",btc-updown-5m-1773073200,https://polymarket-upload.s3.us-east-2.amazonaws.com/BTC+fullsize.png,btc-updown-5m-1773073200,Down,1,Up,"9296188313298428324151239123333959066956519192847447861591792766888436227776","2026-03-09T00:00:00Z",1773073807
"0x2d8b401d2f0e6937afebf18e19e11ca568a5260a","46299052404145837610040252108159090715987781915189268602160281448421464488835","0xa6015af464dbe672af2f754a962d4258e8034001f644fffdfc27b8d82c302969",0.55377,2750.235781,1227.237712,1.0,"Bitcoin Up or Down - March 9, 12:15PM-12:20PM ET",btc-updown-5m-1773072900,https://polymarket-upload.s3.us-east-2.amazonaws.com/BTC+fullsize.png,btc-updown-5m-1773072900,Up,0,Down,"113377063450249700210880671538717200807483247577792995925673534127434328415422","2026-03-09T00:00:00Z",1773073405
"0x2d8b401d2f0e6937afebf18e19e11ca568a5260a","113377063450249700210880671538717200807483247577792995925673534127434328415422","0xa6015af464dbe672af2f754a962d4258e8034001f644fffdfc27b8d82c302969",0.439272,3330.330048,-1462.92074,0.0,"Bitcoin Up or Down - March 9, 12:15PM-12:20PM ET",btc-updown-5m-1773072900,https://polymarket-upload.s3.us-east-2.amazonaws.com/BTC+fullsize.png,btc-updown-5m-1773072900,Down,1,Up,"46299052404145837610040252108159090715987781915189268602160281448421464488835","2026-03-09T00:00:00Z",1773073405
"0x2d8b401d2f0e6937afebf18e19e11ca568a5260a","13823452485754155775626978493272584781932111241929813181639400319370641792304","0x797ab63090ef918792fa17137848ffa10c6037d323f0ce4ced668bfabfe50949",0.267477,2084.3979780000004,-557.528517,0.0,"Bitcoin Up or Down - March 9, 12:10PM-12:15PM ET",btc-updown-5m-1773072600,https://polymarket-upload.s3.us-east-2.amazonaws.com/BTC+fullsize.png,btc-updown-5m-1773072600,Up,0,Down,"108415579945945458000531421131201512468780593171351639404492383434422504705783","2026-03-09T00:00:00Z",1773073105
"0x2d8b401d2f0e6937afebf18e19e11ca568a5260a","108415579945945458000531421131201512468780593171351639404492383434422504705783","0x797ab63090ef918792fa17137848ffa10c6037d323f0ce4ced668bfabfe50949",0.697273,2379.871857,720.451467,1.0,"Bitcoin Up or Down - March 9, 12:10PM-12:15PM ET",btc-updown-5m-1773072600,https://polymarket-upload.s3.us-east-2.amazonaws.com/BTC+fullsize.png,btc-updown-5m-1773072600,Down,1,Up,"13823452485754155775626978493272584781932111241929813181639400319370641792304","2026-03-09T00:00:00Z",1773073105
"0x2d8b401d2f0e6937afebf18e19e11ca568a5260a","103400512459811702625006698039920924373059056124343491277320698192314682626819","0x4ae06ad0d5e39f9984279d0582507a6024f06b3ed479dcc76c00ee42a0ccf2f5",0.42466799999999993,7397.230472,4255.863401,1.0,"Bitcoin Up or Down - March 9, 12:05PM-12:10PM ET",btc-updown-5m-1773072300,https://polymarket-upload.s3.us-east-2.amazonaws.com/BTC+fullsize.png,btc-updown-5m-1773072300,Down,1,Up,"9313621244946629645434694734301090324542589153785238810379735974923989183826","2026-03-09T00:00:00Z",1773072905
"0x2d8b401d2f0e6937afebf18e19e11ca568a5260a","9313621244946629645434694734301090324542589153785238810379735974923989183826","0x4ae06ad0d5e39f9984279d0582507a6024f06b3ed479dcc76c00ee42a0ccf2f5",0.547998,7762.238884,-4253.691383,0.0,"Bitcoin Up or Down - March 9, 12:05PM-12:10PM ET",btc-updown-5m-1773072300,https://polymarket-upload.s3.us-east-2.amazonaws.com/BTC+fullsize.png,btc-updown-5m-1773072300,Up,0,Down,"103400512459811702625006698039920924373059056124343491277320698192314682626819","2026-03-09T00:00:00Z",1773072905
"0x2d8b401d2f0e6937afebf18e19e11ca568a5260a","69971089607940940096687191306560291622633531218389283532154122827780210956357","0xb4093840ac03f00275f89f1f1125ab088bf79bacca51103deae66c9852a29aca",0.460868,3024.993831,-1394.122856,0.0,"Bitcoin Up or Down - March 9, 12:00PM-12:05PM ET",btc-updown-5m-1773072000,https://polymarket-upload.s3.us-east-2.amazonaws.com/BTC+fullsize.png,btc-updown-5m-1773072000,Down,1,Up,"29560381661045075035232933258329485028357520361720514772388857266496133688056","2026-03-09T00:00:00Z",1773072605
"0x2d8b401d2f0e6937afebf18e19e11ca568a5260a","29560381661045075035232933258329485028357520361720514772388857266496133688056","0xb4093840ac03f00275f89f1f1125ab088bf79bacca51103deae66c9852a29aca",0.541463,2252.689306,1032.941396,1.0,"Bitcoin Up or Down - March 9, 12:00PM-12:05PM ET",btc-updown-5m-1773072000,https://polymarket-upload.s3.us-east-2.amazonaws.com/BTC+fullsize.png,btc-updown-5m-1773072000,Up,0,Down,"69971089607940940096687191306560291622633531218389283532154122827780210956357","2026-03-09T00:00:00Z",1773072605
"0x2d8b401d2f0e6937afebf18e19e11ca568a5260a","40168549514061088764345474004026150277319689285003899884676210956824621220235","0x93ac6d7f1868a1712c3752156662dd6eb17f8174a16a0a4ceb37315ec872644d",0.188981,3217.930728,2609.802961,1.0,"Bitcoin Up or Down - March 9, 11:55AM-12:00PM ET",btc-updown-5m-1773071700,https://polymarket-upload.s3.us-east-2.amazonaws.com/BTC+fullsize.png,btc-updown-5m-1773071700,Down,1,Up,"27261430861419210495043309115492365374306410041312401292052190601474121212722","2026-03-09T00:00:00Z",1773072305
"0x2d8b401d2f0e6937afebf18e19e11ca568a5260a","27261430861419210495043309115492365374306410041312401292052190601474121212722","0x93ac6d7f1868a1712c3752156662dd6eb17f8174a16a0a4ceb37315ec872644d",0.801774,2907.759616,-2331.366058,0.0,"Bitcoin Up or Down - March 9, 11:55AM-12:00PM ET",btc-updown-5m-1773071700,https://polymarket-upload.s3.us-east-2.amazonaws.com/BTC+fullsize.png,btc-updown-5m-1773071700,Up,0,Down,"40168549514061088764345474004026150277319689285003899884676210956824621220235","2026-03-09T00:00:00Z",1773072305
"0x2d8b401d2f0e6937afebf18e19e11ca568a5260a","73421887677206049363867529462786323768629004105553595239264369490079632721707","0x16d1e8e274437ea763d2573357b04d513423ab0879878b005b4a1041df9b5d18",0.541431,3208.68291,1471.402513,1.0,"Bitcoin Up or Down - March 9, 11:50AM-11:55AM ET",btc-updown-5m-1773071400,https://polymarket-upload.s3.us-east-2.amazonaws.com/BTC+fullsize.png,btc-updown-5m-1773071400,Up,0,Down,"41530052481747978581302495086962800543537381985324208813074571617408288625374","2026-03-09T00:00:00Z",1773072035
"0x2d8b401d2f0e6937afebf18e19e11ca568a5260a","41530052481747978581302495086962800543537381985324208813074571617408288625374","0x16d1e8e274437ea763d2573357b04d513423ab0879878b005b4a1041df9b5d18",0.425841,3471.828063,-1478.446734,0.0,"Bitcoin Up or Down - March 9, 11:50AM-11:55AM ET",btc-updown-5m-1773071400,https://polymarket-upload.s3.us-east-2.amazonaws.com/BTC+fullsize.png,btc-updown-5m-1773071400,Down,1,Up,"73421887677206049363867529462786323768629004105553595239264369490079632721707","2026-03-09T00:00:00Z",1773072035
"0x2d8b401d2f0e6937afebf18e19e11ca568a5260a","110450962442735835729809893609351254959346904077470511834459280121069420492963","0x7c6778aa592dfabe62212bd77bf33ffb5dfa1631aaf374de7d5cf4f50b8dec64",0.264026,2757.873573,-728.150327,0.0,"Bitcoin Up or Down - March 9, 11:45AM-11:50AM ET",btc-updown-5m-1773071100,https://polymarket-upload.s3.us-east-2.amazonaws.com/BTC+fullsize.png,btc-updown-5m-1773071100,Down,1,Up,"109831880442836141984212868130890305854293923416879385206073872142385925950765","2026-03-09T00:00:00Z",1773071605
"0x2d8b401d2f0e6937afebf18e19e11ca568a5260a","109831880442836141984212868130890305854293923416879385206073872142385925950765","0x7c6778aa592dfabe62212bd77bf33ffb5dfa1631aaf374de7d5cf4f50b8dec64",0.70437,2164.610781,639.923885,1.0,"Bitcoin Up or Down - March 9, 11:45AM-11:50AM ET",btc-updown-5m-1773071100,https://polymarket-upload.s3.us-east-2.amazonaws.com/BTC+fullsize.png,btc-updown-5m-1773071100,Up,0,Down,"110450962442735835729809893609351254959346904077470511834459280121069420492963","2026-03-09T00:00:00Z",1773071605
"0x2d8b401d2f0e6937afebf18e19e11ca568a5260a","9415458084294916895302619848401185451588039919727994426358675552367593460340","0x4e54796f19bf0acdb132279cbbeef7772f138f56bdbedd7f63701eaeedc2ba28",0.560083,3209.691994,1411.998072,1.0,"Bitcoin Up or Down - March 9, 11:40AM-11:45AM ET",btc-updown-5m-1773070800,https://polymarket-upload.s3.us-east-2.amazonaws.com/BTC+fullsize.png,btc-updown-5m-1773070800,Down,1,Up,"77041842129833135356630221449218725501677849214133098933335358298751452022016","2026-03-09T00:00:00Z",1773071305
"0x2d8b401d2f0e6937afebf18e19e11ca568a5260a","77041842129833135356630221449218725501677849214133098933335358298751452022016","0x4e54796f19bf0acdb132279cbbeef7772f138f56bdbedd7f63701eaeedc2ba28",0.378036,3565.4243290000004,-1347.858751,0.0,"Bitcoin Up or Down - March 9, 11:40AM-11:45AM ET",btc-updown-5m-1773070800,https://polymarket-upload.s3.us-east-2.amazonaws.com/BTC+fullsize.png,btc-updown-5m-1773070800,Up,0,Down,"9415458084294916895302619848401185451588039919727994426358675552367593460340","2026-03-09T00:00:00Z",1773071305
"0x2d8b401d2f0e6937afebf18e19e11ca568a5260a","49062039715054692076078051369746537447007816341181096054019826212801302456676","0x01824303f5d4bc5c1b9c1c5d74c264dbfc58d2f94f42407df82eaadae6929cc0",0.67765,4103.419760000001,1322.737359,1.0,"Bitcoin Up or Down - March 9, 11:35AM-11:40AM ET",btc-updown-5m-1773070500,https://polymarket-upload.s3.us-east-2.amazonaws.com/BTC+fullsize.png,btc-updown-5m-1773070500,Down,1,Up,"1785879841807837743810298031721381818581350274983442335826319056261816979612","2026-03-09T00:00:00Z",1773071005
"0x2d8b401d2f0e6937afebf18e19e11ca568a5260a","1785879841807837743810298031721381818581350274983442335826319056261816979612","0x01824303f5d4bc5c1b9c1c5d74c264dbfc58d2f94f42407df82eaadae6929cc0",0.239274,4843.96211,-1159.034189,0.0,"Bitcoin Up or Down - March 9, 11:35AM-11:40AM ET",btc-updown-5m-1773070500,https://polymarket-upload.s3.us-east-2.amazonaws.com/BTC+fullsize.png,btc-updown-5m-1773070500,Up,0,Down,"49062039715054692076078051369746537447007816341181096054019826212801302456676","2026-03-09T00:00:00Z",1773071005
"0x2d8b401d2f0e6937afebf18e19e11ca568a5260a","54628235295989320930343771311292384128798574479101956943091824961240100725028","0x3a2c8584358f1d94e75a885674b8468ad88aae7f7709bc8245dd816d419f0070",0.40826400000000007,3580.721114,-1461.879524,0.0,"Bitcoin Up or Down - March 9, 11:30AM-11:35AM ET",btc-updown-5m-1773070200,https://polymarket-upload.s3.us-east-2.amazonaws.com/BTC+fullsize.png,btc-updown-5m-1773070200,Up,0,Down,"41650780912725541876242161916248631059613029618849110641062562122968374567707","2026-03-09T00:00:00Z",1773070705
"0x2d8b401d2f0e6937afebf18e19e11ca568a5260a","41650780912725541876242161916248631059613029618849110641062562122968374567707","0x3a2c8584358f1d94e75a885674b8468ad88aae7f7709bc8245dd816d419f0070",0.58171,3528.986315,1476.139685,1.0,"Bitcoin Up or Down - March 9, 11:30AM-11:35AM ET",btc-updown-5m-1773070200,https://polymarket-upload.s3.us-east-2.amazonaws.com/BTC+fullsize.png,btc-updown-5m-1773070200,Down,1,Up,"54628235295989320930343771311292384128798574479101956943091824961240100725028","2026-03-09T00:00:00Z",1773070705
"0x2d8b401d2f0e6937afebf18e19e11ca568a5260a","22867844615068052112892935012466234339779199073696046320851244753103268254025","0x892c7fc20288eed2f8a33639498c115addc912dcd52f33e64c1e0e372abbd793",0.54499,2373.905225,1080.150616,1.0,"Bitcoin Up or Down - March 9, 11:25AM-11:30AM ET",btc-updown-5m-1773069900,https://polymarket-upload.s3.us-east-2.amazonaws.com/BTC+fullsize.png,btc-updown-5m-1773069900,Down,1,Up,"111674715455274482794653521863746787842440572413032376662853888610816998357705","2026-03-09T00:00:00Z",1773070403
"0x2d8b401d2f0e6937afebf18e19e11ca568a5260a","111674715455274482794653521863746787842440572413032376662853888610816998357705","0x892c7fc20288eed2f8a33639498c115addc912dcd52f33e64c1e0e372abbd793",0.412646,2724.373889,-1124.201987,0.0,"Bitcoin Up or Down - March 9, 11:25AM-11:30AM ET",btc-updown-5m-1773069900,https://polymarket-upload.s3.us-east-2.amazonaws.com/BTC+fullsize.png,btc-updown-5m-1773069900,Up,0,Down,"22867844615068052112892935012466234339779199073696046320851244753103268254025","2026-03-09T00:00:00Z",1773070403
"0x2d8b401d2f0e6937afebf18e19e11ca568a5260a","72269948732691864944732962008271238439495799878962795211939289038840148307554","0x39ecc413aea5b8dd92905e6f7afb148ba88c4d2b17764bd3aaa7044b7c2daec6",0.679109,2900.90987,930.875869,1.0,"Bitcoin Up or Down - March 9, 11:20AM-11:25AM ET",btc-updown-5m-1773069600,https://polymarket-upload.s3.us-east-2.amazonaws.com/BTC+fullsize.png,btc-updown-5m-1773069600,Up,0,Down,"100650244339058041377635678423041574065978466142785758804758194919412187278200","2026-03-09T00:00:00Z",1773070103
"0x2d8b401d2f0e6937afebf18e19e11ca568a5260a","100650244339058041377635678423041574065978466142785758804758194919412187278200","0x39ecc413aea5b8dd92905e6f7afb148ba88c4d2b17764bd3aaa7044b7c2daec6",0.282767,3336.552995,-943.46708,0.0,"Bitcoin Up or Down - March 9, 11:20AM-11:25AM ET",btc-updown-5m-1773069600,https://polymarket-upload.s3.us-east-2.amazonaws.com/BTC+fullsize.png,btc-updown-5m-1773069600,Down,1,Up,"72269948732691864944732962008271238439495799878962795211939289038840148307554","2026-03-09T00:00:00Z",1773070103
"0x2d8b401d2f0e6937afebf18e19e11ca568a5260a","42384085931543296701874825976468480831801605881559637006417795140328850933259","0x9640160081280b09f739f5d891a453df82ab930e2880d088f20f5bec78ca14ca",0.441823,3684.115694,-1627.727048,0.0,"Bitcoin Up or Down - March 9, 11:15AM-11:20AM ET",btc-updown-5m-1773069300,https://polymarket-upload.s3.us-east-2.amazonaws.com/BTC+fullsize.png,btc-updown-5m-1773069300,Up,0,Down,"12843779382212312381133162038996053647285028138117943874412253397622728635752","2026-03-09T00:00:00Z",1773069803
"0x2d8b401d2f0e6937afebf18e19e11ca568a5260a","12843779382212312381133162038996053647285028138117943874412253397622728635752","0x9640160081280b09f739f5d891a453df82ab930e2880d088f20f5bec78ca14ca",0.510911,3407.241295,1666.444237,1.0,"Bitcoin Up or Down - March 9, 11:15AM-11:20AM ET",btc-updown-5m-1773069300,https://polymarket-upload.s3.us-east-2.amazonaws.com/BTC+fullsize.png,btc-updown-5m-1773069300,Down,1,Up,"42384085931543296701874825976468480831801605881559637006417795140328850933259","2026-03-09T00:00:00Z",1773069803
"0x2d8b401d2f0e6937afebf18e19e11ca568a5260a","44840557015675797413670120264467567678403457048432197044648679829220666880871","0xfbffe7c1b2ce4d67ff796803272ebd9df2cc1090228cf1750323ef3d2f4ec1eb",0.705292,3978.9882160000006,1172.639659,1.0,"Bitcoin Up or Down - March 9, 11:10AM-11:15AM ET",btc-updown-5m-1773069000,https://polymarket-upload.s3.us-east-2.amazonaws.com/BTC+fullsize.png,btc-updown-5m-1773069000,Up,0,Down,"37292533015157342025583019415915661099880282173782444186134967902859364657171","2026-03-09T00:00:00Z",1773069503
"0x2d8b401d2f0e6937afebf18e19e11ca568a5260a","37292533015157342025583019415915661099880282173782444186134967902859364657171","0xfbffe7c1b2ce4d67ff796803272ebd9df2cc1090228cf1750323ef3d2f4ec1eb",0.255152,4667.265206,-1190.862051,0.0,"Bitcoin Up or Down - March 9, 11:10AM-11:15AM ET",btc-updown-5m-1773069000,https://polymarket-upload.s3.us-east-2.amazonaws.com/BTC+fullsize.png,btc-updown-5m-1773069000,Down,1,Up,"44840557015675797413670120264467567678403457048432197044648679829220666880871","2026-03-09T00:00:00Z",1773069503
"0x2d8b401d2f0e6937afebf18e19e11ca568a5260a","54702762703962411560082657495839550304540460567340828777460086481649162887962","0x312c3ec45d94f3708105b0b399fb198b3a20369915c5ba9da0e973b434e64edc",0.670237,2946.807823,-1975.059634,0.0,"Bitcoin Up or Down - March 9, 11:05AM-11:10AM ET",btc-updown-5m-1773068700,https://polymarket-upload.s3.us-east-2.amazonaws.com/BTC+fullsize.png,btc-updown-5m-1773068700,Up,0,Down,"14196129947645170052957662483541789280636728904893929279667717150818328071520","2026-03-09T00:00:00Z",1773069403
"0x2d8b401d2f0e6937afebf18e19e11ca568a5260a","14196129947645170052957662483541789280636728904893929279667717150818328071520","0x312c3ec45d94f3708105b0b399fb198b3a20369915c5ba9da0e973b434e64edc",0.283002,3060.987016,2194.721568,1.0,"Bitcoin Up or Down - March 9, 11:05AM-11:10AM ET",btc-updown-5m-1773068700,https://polymarket-upload.s3.us-east-2.amazonaws.com/BTC+fullsize.png,btc-updown-5m-1773068700,Down,1,Up,"54702762703962411560082657495839550304540460567340828777460086481649162887962","2026-03-09T00:00:00Z",1773069403
"0x2d8b401d2f0e6937afebf18e19e11ca568a5260a","96365228733424746274907018802290486264348231506212608307351541736715208608011","0x8e048ba723df79de8280404f0db3b742b3fa9378c72df45ee2cca9541b847659",0.5509,7191.259429,-3961.6648189999996,0.0,"Bitcoin Up or Down - March 9, 11:00AM-11:05AM ET",btc-updown-5m-1773068400,https://polymarket-upload.s3.us-east-2.amazonaws.com/BTC+fullsize.png,btc-updown-5m-1773068400,Up,0,Down,"28161683806253483525454944433158331073835103881681372312470138881566337829419","2026-03-09T00:00:00Z",1773068933
"0x2d8b401d2f0e6937afebf18e19e11ca568a5260a","28161683806253483525454944433158331073835103881681372312470138881566337829419","0x8e048ba723df79de8280404f0db3b742b3fa9378c72df45ee2cca9541b847659",0.376673,7841.411634,4887.763589,1.0,"Bitcoin Up or Down - March 9, 11:00AM-11:05AM ET",btc-updown-5m-1773068400,https://polymarket-upload.s3.us-east-2.amazonaws.com/BTC+fullsize.png,btc-updown-5m-1773068400,Down,1,Up,"96365228733424746274907018802290486264348231506212608307351541736715208608011","2026-03-09T00:00:00Z",1773068933
"0x2d8b401d2f0e6937afebf18e19e11ca568a5260a","9883846536836254429560864735952020534088953011822498846559644176729719333778","0x8e026f1f09de6b29fd416e9072f4d56b219e138fd8fe8ac697457ad32c8075ce",0.306023,4493.900657,-1375.23696,0.0,"Bitcoin Up or Down - March 9, 10:55AM-11:00AM ET",btc-updown-5m-1773068100,https://polymarket-upload.s3.us-east-2.amazonaws.com/BTC+fullsize.png,btc-updown-5m-1773068100,Up,0,Down,"49150532268096490970578363894912860634018340311758766550515097237685809521869","2026-03-09T00:00:00Z",1773068703
"0x2d8b401d2f0e6937afebf18e19e11ca568a5260a","49150532268096490970578363894912860634018340311758766550515097237685809521869","0x8e026f1f09de6b29fd416e9072f4d56b219e138fd8fe8ac697457ad32c8075ce",0.66493,4062.198921,1361.120992,1.0,"Bitcoin Up or Down - March 9, 10:55AM-11:00AM ET",btc-updown-5m-1773068100,https://polymarket-upload.s3.us-east-2.amazonaws.com/BTC+fullsize.png,btc-updown-5m-1773068100,Down,1,Up,"9883846536836254429560864735952020534088953011822498846559644176729719333778","2026-03-09T00:00:00Z",1773068703
"0x2d8b401d2f0e6937afebf18e19e11ca568a5260a","71690737139228316217117663287193353212189706471384912062915623029366846158248","0x7df988bfb0d12fe83092f82c7165607dd110d8f0a2205c12be7cacb34783e387",0.40911099999999995,4250.178213,-1738.794658,0.0,"Bitcoin Up or Down - March 9, 10:50AM-10:55AM ET",btc-updown-5m-1773067800,https://polymarket-upload.s3.us-east-2.amazonaws.com/BTC+fullsize.png,btc-updown-5m-1773067800,Down,1,Up,"53131489393861402301169150933846655316461167456675972531312093369670753408962","2026-03-09T00:00:00Z",1773068303
"0x2d8b401d2f0e6937afebf18e19e11ca568a5260a","53131489393861402301169150933846655316461167456675972531312093369670753408962","0x7df988bfb0d12fe83092f82c7165607dd110d8f0a2205c12be7cacb34783e387",0.561963,4003.204922,1753.551874,1.0,"Bitcoin Up or Down - March 9, 10:50AM-10:55AM ET",btc-updown-5m-1773067800,https://polymarket-upload.s3.us-east-2.amazonaws.com/BTC+fullsize.png,btc-updown-5m-1773067800,Up,0,Down,"71690737139228316217117663287193353212189706471384912062915623029366846158248","2026-03-09T00:00:00Z",1773068303
"0x2d8b401d2f0e6937afebf18e19e11ca568a5260a","53754002000083798141149276995038693366266555914250853482436733243822854057957","0x0fd62a80fa712c606a3b8f6033135c53bd1274d06f78c5ee65a55f52fdf6c2fa",0.668247,2173.373157,721.023064,1.0,"Bitcoin Up or Down - March 9, 10:45AM-10:50AM ET",btc-updown-5m-1773067500,https://polymarket-upload.s3.us-east-2.amazonaws.com/BTC+fullsize.png,btc-updown-5m-1773067500,Down,1,Up,"110585779008995588635680388809400327734787582361992426860298567363284928798214","2026-03-09T00:00:00Z",1773068103
"0x2d8b401d2f0e6937afebf18e19e11ca568a5260a","110585779008995588635680388809400327734787582361992426860298567363284928798214","0x0fd62a80fa712c606a3b8f6033135c53bd1274d06f78c5ee65a55f52fdf6c2fa",0.268799,3008.92373,-808.795689,0.0,"Bitcoin Up or Down - March 9, 10:45AM-10:50AM ET",btc-updown-5m-1773067500,https://polymarket-upload.s3.us-east-2.amazonaws.com/BTC+fullsize.png,btc-updown-5m-1773067500,Up,0,Down,"53754002000083798141149276995038693366266555914250853482436733243822854057957","2026-03-09T00:00:00Z",1773068103
"0x2d8b401d2f0e6937afebf18e19e11ca568a5260a","72911175213216505114870657675251003459522097007107165023995788375913172387708","0xa70212d9b744b0598c1fcd7e52ebe59e9c13f96795b6d05d2b0dd211260b05fe",0.475418,10364.121018,-4927.289686,0.0,"Bitcoin Up or Down - March 9, 10:40AM-10:45AM ET",btc-updown-5m-1773067200,https://polymarket-upload.s3.us-east-2.amazonaws.com/BTC+fullsize.png,btc-updown-5m-1773067200,Down,1,Up,"60574642406279049949701843341541703122071423747644476116758736623925887699869","2026-03-09T00:00:00Z",1773067803
"0x2d8b401d2f0e6937afebf18e19e11ca568a5260a","60574642406279049949701843341541703122071423747644476116758736623925887699869","0xa70212d9b744b0598c1fcd7e52ebe59e9c13f96795b6d05d2b0dd211260b05fe",0.4923040000000001,11602.123081,5890.351479,1.0,"Bitcoin Up or Down - March 9, 10:40AM-10:45AM ET",btc-updown-5m-1773067200,https://polymarket-upload.s3.us-east-2.amazonaws.com/BTC+fullsize.png,btc-updown-5m-1773067200,Up,0,Down,"72911175213216505114870657675251003459522097007107165023995788375913172387708","2026-03-09T00:00:00Z",1773067803
"0x2d8b401d2f0e6937afebf18e19e11ca568a5260a","51969851384486151842480779400643983898843150218557267948181115027704319189388","0x3fe45dceb2ab82f50b83959db315c6309e134ccf046796c33ba3edcdad76ac0b",0.620396,6460.613237000001,2452.474627,1.0,"Bitcoin Up or Down - March 9, 10:35AM-10:40AM ET",btc-updown-5m-1773066900,https://polymarket-upload.s3.us-east-2.amazonaws.com/BTC+fullsize.png,btc-updown-5m-1773066900,Up,0,Down,"21080588197348306050802656556736907042345976339986869987409958332116314940419","2026-03-09T00:00:00Z",1773067403
"0x2d8b401d2f0e6937afebf18e19e11ca568a5260a","21080588197348306050802656556736907042345976339986869987409958332116314940419","0x3fe45dceb2ab82f50b83959db315c6309e134ccf046796c33ba3edcdad76ac0b",0.336421,6938.172484,-2334.146925,0.0,"Bitcoin Up or Down - March 9, 10:35AM-10:40AM ET",btc-updown-5m-1773066900,https://polymarket-upload.s3.us-east-2.amazonaws.com/BTC+fullsize.png,btc-updown-5m-1773066900,Down,1,Up,"51969851384486151842480779400643983898843150218557267948181115027704319189388","2026-03-09T00:00:00Z",1773067403
"0x2d8b401d2f0e6937afebf18e19e11ca568a5260a","98426457201572084089053748619731944239079953177152936252341337411521335123001","0x5a5550dc8d2fe9bf64c427e4335c5c531da3135e36ea891e2b82cf1bc1faed00",0.422871,8893.28321,-3760.711564,0.0,"Bitcoin Up or Down - March 9, 10:30AM-10:35AM ET",btc-updown-5m-1773066600,https://polymarket-upload.s3.us-east-2.amazonaws.com/BTC+fullsize.png,btc-updown-5m-1773066600,Down,1,Up,"10268793963242411118484806349858909561128899498620523357183847917471115536548","2026-03-09T00:00:00Z",1773067103
"0x2d8b401d2f0e6937afebf18e19e11ca568a5260a","10268793963242411118484806349858909561128899498620523357183847917471115536548","0x5a5550dc8d2fe9bf64c427e4335c5c531da3135e36ea891e2b82cf1bc1faed00",0.553973,9738.948353,4343.833917,1.0,"Bitcoin Up or Down - March 9, 10:30AM-10:35AM ET",btc-updown-5m-1773066600,https://polymarket-upload.s3.us-east-2.amazonaws.com/BTC+fullsize.png,btc-updown-5m-1773066600,Up,0,Down,"98426457201572084089053748619731944239079953177152936252341337411521335123001","2026-03-09T00:00:00Z",1773067103
"0x2d8b401d2f0e6937afebf18e19e11ca568a5260a","62718562455200223239513657107130848331634688049517917045889246425269227539840","0xda87db9505ba8cf1cbc1960748f5f36b795a4a263c4a9020b4beb83353ab89ec",0.550621,3926.7979339999997,-2162.177405,0.0,"Bitcoin Up or Down - March 9, 10:25AM-10:30AM ET",btc-updown-5m-1773066300,https://polymarket-upload.s3.us-east-2.amazonaws.com/BTC+fullsize.png,btc-updown-5m-1773066300,Down,1,Up,"28378045576701829642787261646419462098915797753397599444196736181692346074550","2026-03-09T00:00:00Z",1773066803
"0x2d8b401d2f0e6937afebf18e19e11ca568a5260a","28378045576701829642787261646419462098915797753397599444196736181692346074550","0xda87db9505ba8cf1cbc1960748f5f36b795a4a263c4a9020b4beb83353ab89ec",0.46412,4505.016854,2414.148431,1.0,"Bitcoin Up or Down - March 9, 10:25AM-10:30AM ET",btc-updown-5m-1773066300,https://polymarket-upload.s3.us-east-2.amazonaws.com/BTC+fullsize.png,btc-updown-5m-1773066300,Up,0,Down,"62718562455200223239513657107130848331634688049517917045889246425269227539840","2026-03-09T00:00:00Z",1773066803
"0x2d8b401d2f0e6937afebf18e19e11ca568a5260a","81555035772920187089142203208589005306820073935613575986457904555767486416646","0xbbccde76b42f66391db7502d2befa46fb8c6e60df948fd67b19cb7035d726f2e",0.378815,4011.7942770000004,-1519.727849,0.0,"Bitcoin Up or Down - March 9, 10:20AM-10:25AM ET",btc-updown-5m-1773066000,https://polymarket-upload.s3.us-east-2.amazonaws.com/BTC+fullsize.png,btc-updown-5m-1773066000,Down,1,Up,"115632821958519611719268182076233620846042578803515952744750911068838016819618","2026-03-09T00:00:00Z",1773066501
"0x2d8b401d2f0e6937afebf18e19e11ca568a5260a","115632821958519611719268182076233620846042578803515952744750911068838016819618","0xbbccde76b42f66391db7502d2befa46fb8c6e60df948fd67b19cb7035d726f2e",0.560738,3728.112645,1637.618216,1.0,"Bitcoin Up or Down - March 9, 10:20AM-10:25AM ET",btc-updown-5m-1773066000,https://polymarket-upload.s3.us-east-2.amazonaws.com/BTC+fullsize.png,btc-updown-5m-1773066000,Up,0,Down,"81555035772920187089142203208589005306820073935613575986457904555767486416646","2026-03-09T00:00:00Z",1773066501
"0x2d8b401d2f0e6937afebf18e19e11ca568a5260a","88780533814838267197886513624428578294997375408101509659247738329318958572878","0xde0203be33b5f2dbbf08b6687cd1a91264227b46961de6be39bf308b16fc47cb",0.724137,1553.638668,428.591423,1.0,"Bitcoin Up or Down - March 9, 10:15AM-10:20AM ET",btc-updown-5m-1773065700,https://polymarket-upload.s3.us-east-2.amazonaws.com/BTC+fullsize.png,btc-updown-5m-1773065700,Up,0,Down,"75029138439298073570901498054237451256707865572514914396367521314581400375804","2026-03-09T00:00:00Z",1773066201
"0x2d8b401d2f0e6937afebf18e19e11ca568a5260a","75029138439298073570901498054237451256707865572514914396367521314581400375804","0xde0203be33b5f2dbbf08b6687cd1a91264227b46961de6be39bf308b16fc47cb",0.28783,1042.727807,-300.128344,0.0,"Bitcoin Up or Down - March 9, 10:15AM-10:20AM ET",btc-updown-5m-1773065700,https://polymarket-upload.s3.us-east-2.amazonaws.com/BTC+fullsize.png,btc-updown-5m-1773065700,Down,1,Up,"88780533814838267197886513624428578294997375408101509659247738329318958572878","2026-03-09T00:00:00Z",1773066201
"0x2d8b401d2f0e6937afebf18e19e11ca568a5260a","74831402885974481474330124784051942165666544721592470393405012441956295455386","0x7ec9254ee184dc3b9bbc82625807f0f986ea7458b8172cf55572198faf8cf3a9",0.523609,5754.175511,-3012.938085,0.0,"Bitcoin Up or Down - March 9, 10:10AM-10:15AM ET",btc-updown-5m-1773065400,https://polymarket-upload.s3.us-east-2.amazonaws.com/BTC+fullsize.png,btc-updown-5m-1773065400,Down,1,Up,"48806868932792179701253399062411162925469164940397557899170441295119380972720","2026-03-09T00:00:00Z",1773066001
"0x2d8b401d2f0e6937afebf18e19e11ca568a5260a","48806868932792179701253399062411162925469164940397557899170441295119380972720","0x7ec9254ee184dc3b9bbc82625807f0f986ea7458b8172cf55572198faf8cf3a9",0.450047,5703.562346,3136.691222,1.0,"Bitcoin Up or Down - March 9, 10:10AM-10:15AM ET",btc-updown-5m-1773065400,https://polymarket-upload.s3.us-east-2.amazonaws.com/BTC+fullsize.png,btc-updown-5m-1773065400,Up,0,Down,"74831402885974481474330124784051942165666544721592470393405012441956295455386","2026-03-09T00:00:00Z",1773066001
"0x2d8b401d2f0e6937afebf18e19e11ca568a5260a","97082299219950085641737324459357493572444200237266757360442957216081120379558","0x3166dcc152efa908fbc723edf78d4d69e6f177a85e89b4709426806c918b14dc",0.20714,1560.4382379999997,-323.229176,0.0,"Bitcoin Up or Down - March 9, 10:05AM-10:10AM ET",btc-updown-5m-1773065100,https://polymarket-upload.s3.us-east-2.amazonaws.com/BTC+fullsize.png,btc-updown-5m-1773065100,Up,0,Down,"50214873216740382081414463709199480898858437021953178784035750397651496096008","2026-03-09T00:00:00Z",1773065901
"0x2d8b401d2f0e6937afebf18e19e11ca568a5260a","50214873216740382081414463709199480898858437021953178784035750397651496096008","0x3166dcc152efa908fbc723edf78d4d69e6f177a85e89b4709426806c918b14dc",0.6792460000000001,1655.7668849999998,531.093851,1.0,"Bitcoin Up or Down - March 9, 10:05AM-10:10AM ET",btc-updown-5m-1773065100,https://polymarket-upload.s3.us-east-2.amazonaws.com/BTC+fullsize.png,btc-updown-5m-1773065100,Down,1,Up,"97082299219950085641737324459357493572444200237266757360442957216081120379558","2026-03-09T00:00:00Z",1773065901
"0x2d8b401d2f0e6937afebf18e19e11ca568a5260a","85163964170705630341576944297754521444752522039305937644001378773577617529021","0x92d821450e3c6e8f9c5a51f205f65dfd2c04863c568899b87332adfdf96531a0",0.346682,2814.612532,-975.775501,0.0,"Bitcoin Up or Down - March 9, 10:00AM-10:05AM ET",btc-updown-5m-1773064800,https://polymarket-upload.s3.us-east-2.amazonaws.com/BTC+fullsize.png,btc-updown-5m-1773064800,Down,1,Up,"843218811068448801833925281526264301923108720786288587002460116797816703275","2026-03-09T00:00:00Z",1773065301
"0x2d8b401d2f0e6937afebf18e19e11ca568a5260a","843218811068448801833925281526264301923108720786288587002460116797816703275","0x92d821450e3c6e8f9c5a51f205f65dfd2c04863c568899b87332adfdf96531a0",0.543307,2260.238932,1032.235298,1.0,"Bitcoin Up or Down - March 9, 10:00AM-10:05AM ET",btc-updown-5m-1773064800,https://polymarket-upload.s3.us-east-2.amazonaws.com/BTC+fullsize.png,btc-updown-5m-1773064800,Up,0,Down,"85163964170705630341576944297754521444752522039305937644001378773577617529021","2026-03-09T00:00:00Z",1773065301
"0x2d8b401d2f0e6937afebf18e19e11ca568a5260a","91713441468703207953760445188885777104631536974105785572472104197742248560927","0x6f6e427646ab000d61aa1797d9af6ee348f15a9ddbbea3b8d95a18399de21f17",0.582649,1522.7041,635.5020779999999,1.0,"Bitcoin Up or Down - March 9, 9:55AM-10:00AM ET",btc-updown-5m-1773064500,https://polymarket-upload.s3.us-east-2.amazonaws.com/BTC+fullsize.png,btc-updown-5m-1773064500,Up,0,Down,"58883779808696913613988419326203465632434298729934026510253223920385586726826","2026-03-09T00:00:00Z",1773065001
"0x2d8b401d2f0e6937afebf18e19e11ca568a5260a","58883779808696913613988419326203465632434298729934026510253223920385586726826","0x6f6e427646ab000d61aa1797d9af6ee348f15a9ddbbea3b8d95a18399de21f17",0.180877,2307.233454,-417.325465,0.0,"Bitcoin Up or Down - March 9, 9:55AM-10:00AM ET",btc-updown-5m-1773064500,https://polymarket-upload.s3.us-east-2.amazonaws.com/BTC+fullsize.png,btc-updown-5m-1773064500,Down,1,Up,"91713441468703207953760445188885777104631536974105785572472104197742248560927","2026-03-09T00:00:00Z",1773065001
"0x2d8b401d2f0e6937afebf18e19e11ca568a5260a","82692828267344916423141153988352566827268220446884026827050061163453650463822","0x64d1ef117e0f80c4319d30d3d4824c8fdf68b14dfae13fe9af2e7f763bc8629e",0.367516,4475.173459,2830.47561,1.0,"Bitcoin Up or Down - March 9, 9:50AM-9:55AM ET",btc-updown-5m-1773064200,https://polymarket-upload.s3.us-east-2.amazonaws.com/BTC+fullsize.png,btc-updown-5m-1773064200,Down,1,Up,"46824352701835465110328853892657824888348736632493119356003217040718339732823","2026-03-09T00:00:00Z",1773064801
"0x2d8b401d2f0e6937afebf18e19e11ca568a5260a","46824352701835465110328853892657824888348736632493119356003217040718339732823","0x64d1ef117e0f80c4319d30d3d4824c8fdf68b14dfae13fe9af2e7f763bc8629e",0.549053,4579.961971,-2514.64186,0.0,"Bitcoin Up or Down - March 9, 9:50AM-9:55AM ET",btc-updown-5m-1773064200,https://polymarket-upload.s3.us-east-2.amazonaws.com/BTC+fullsize.png,btc-updown-5m-1773064200,Up,0,Down,"82692828267344916423141153988352566827268220446884026827050061163453650463822","2026-03-09T00:00:00Z",1773064801
"0x2d8b401d2f0e6937afebf18e19e11ca568a5260a","81752701866984053633074103166376690697900828067172516665048433788158945322331","0xf76d112bef0c7054cf433def45b40ec756f4e4c57da0b9f30f38195ea9699e1f",0.348619,10105.30704,-3522.902034,0.0,"Bitcoin Up or Down - March 9, 9:45AM-9:50AM ET",btc-updown-5m-1773063900,https://polymarket-upload.s3.us-east-2.amazonaws.com/BTC+fullsize.png,btc-updown-5m-1773063900,Up,0,Down,"115070539312775923802658178869320610662514558753536152778536238027725552758542","2026-03-09T00:00:00Z",1773064401
"0x2d8b401d2f0e6937afebf18e19e11ca568a5260a","115070539312775923802658178869320610662514558753536152778536238027725552758542","0xf76d112bef0c7054cf433def45b40ec756f4e4c57da0b9f30f38195ea9699e1f",0.623954,8614.471186,3239.437431,1.0,"Bitcoin Up or Down - March 9, 9:45AM-9:50AM ET",btc-updown-5m-1773063900,https://polymarket-upload.s3.us-east-2.amazonaws.com/BTC+fullsize.png,btc-updown-5m-1773063900,Down,1,Up,"81752701866984053633074103166376690697900828067172516665048433788158945322331","2026-03-09T00:00:00Z",1773064401
"0x2d8b401d2f0e6937afebf18e19e11ca568a5260a","92218028222529030371946276713044028301612615246809818512905404015625015906681","0xd31cad39a88d48827089f6cb9c03a80405e76f132a2903f39a18fc7477783bdd",0.616793,2380.160731,912.094253,1.0,"Bitcoin Up or Down - March 9, 9:40AM-9:45AM ET",btc-updown-5m-1773063600,https://polymarket-upload.s3.us-east-2.amazonaws.com/BTC+fullsize.png,btc-updown-5m-1773063600,Up,0,Down,"32816436531191279312195120788660746527515918304677529164549258487019202096049","2026-03-09T00:00:00Z",1773064101
"0x2d8b401d2f0e6937afebf18e19e11ca568a5260a","32816436531191279312195120788660746527515918304677529164549258487019202096049","0xd31cad39a88d48827089f6cb9c03a80405e76f132a2903f39a18fc7477783bdd",0.327735,3300.380405,-1081.650172,0.0,"Bitcoin Up or Down - March 9, 9:40AM-9:45AM ET",btc-updown-5m-1773063600,https://polymarket-upload.s3.us-east-2.amazonaws.com/BTC+fullsize.png,btc-updown-5m-1773063600,Down,1,Up,"92218028222529030371946276713044028301612615246809818512905404015625015906681","2026-03-09T00:00:00Z",1773064101
"0x2d8b401d2f0e6937afebf18e19e11ca568a5260a","114741027683069536036012359951279418588342761205708466377682966181654367704931","0x8b752b5aa64378ebc48c2281bf34a989bda87d93fbca67ced5c11d3e9bd14239",0.599405,3656.566664,1464.802322,1.0,"Bitcoin Up or Down - March 9, 9:35AM-9:40AM ET",btc-updown-5m-1773063300,https://polymarket-upload.s3.us-east-2.amazonaws.com/BTC+fullsize.png,btc-updown-5m-1773063300,Down,1,Up,"106322942589306811286230885001307201703660322966248924680383936807879996588784","2026-03-09T00:00:00Z",1773063899
"0x2d8b401d2f0e6937afebf18e19e11ca568a5260a","106322942589306811286230885001307201703660322966248924680383936807879996588784","0x8b752b5aa64378ebc48c2281bf34a989bda87d93fbca67ced5c11d3e9bd14239",0.342638,3965.941297,-1358.882194,0.0,"Bitcoin Up or Down - March 9, 9:35AM-9:40AM ET",btc-updown-5m-1773063300,https://polymarket-upload.s3.us-east-2.amazonaws.com/BTC+fullsize.png,btc-updown-5m-1773063300,Up,0,Down,"114741027683069536036012359951279418588342761205708466377682966181654367704931","2026-03-09T00:00:00Z",1773063899
"0x2d8b401d2f0e6937afebf18e19e11ca568a5260a","60144151942919423310750640024124088750029281189231187329043694785766158413086","0x930a5b0184bcd8bf3676281439d00adf258d9776641624c9b51c8f2d6e69cdd0",0.390245,6117.026167,-2387.138876,0.0,"Bitcoin Up or Down - March 9, 9:30AM-9:35AM ET",btc-updown-5m-1773063000,https://polymarket-upload.s3.us-east-2.amazonaws.com/BTC+fullsize.png,btc-updown-5m-1773063000,Down,1,Up,"4884501144720463028874929013239224046744458625231010890482367142795885651637","2026-03-09T00:00:00Z",1773063599
"0x2d8b401d2f0e6937afebf18e19e11ca568a5260a","4884501144720463028874929013239224046744458625231010890482367142795885651637","0x930a5b0184bcd8bf3676281439d00adf258d9776641624c9b51c8f2d6e69cdd0",0.588126,4596.295032,1893.09442,1.0,"Bitcoin Up or Down - March 9, 9:30AM-9:35AM ET",btc-updown-5m-1773063000,https://polymarket-upload.s3.us-east-2.amazonaws.com/BTC+fullsize.png,btc-updown-5m-1773063000,Up,0,Down,"60144151942919423310750640024124088750029281189231187329043694785766158413086","2026-03-09T00:00:00Z",1773063599
"0x2d8b401d2f0e6937afebf18e19e11ca568a5260a","85312706549863660901173332921763679650477843279499004319013401689556203239934","0x83e6500a60489acafdc9eb42e6422581b195b771e837fc192b710db2e6d018d1",0.8272410000000001,1970.655667,340.448502,1.0,"Bitcoin Up or Down - March 9, 9:25AM-9:30AM ET",btc-updown-5m-1773062700,https://polymarket-upload.s3.us-east-2.amazonaws.com/BTC+fullsize.png,btc-updown-5m-1773062700,Up,0,Down,"18817691679392469690180459912071237479123422177232870576140728292966748969785","2026-03-09T00:00:00Z",1773063199
"0x2d8b401d2f0e6937afebf18e19e11ca568a5260a","18817691679392469690180459912071237479123422177232870576140728292966748969785","0x83e6500a60489acafdc9eb42e6422581b195b771e837fc192b710db2e6d018d1",0.144958,2345.796269,-340.041935,0.0,"Bitcoin Up or Down - March 9, 9:25AM-9:30AM ET",btc-updown-5m-1773062700,https://polymarket-upload.s3.us-east-2.amazonaws.com/BTC+fullsize.png,btc-updown-5m-1773062700,Down,1,Up,"85312706549863660901173332921763679650477843279499004319013401689556203239934","2026-03-09T00:00:00Z",1773063199
"0x2d8b401d2f0e6937afebf18e19e11ca568a5260a","51861820217855373850998710340839278731301739122829378423163854062646727740360","0xcf5d663ed5a1101f1f9e63cc42e826ff10d25335c9f44d63c761f12c37fc27de",0.25043,4883.158724,-1222.889439,0.0,"Bitcoin Up or Down - March 9, 9:20AM-9:25AM ET",btc-updown-5m-1773062400,https://polymarket-upload.s3.us-east-2.amazonaws.com/BTC+fullsize.png,btc-updown-5m-1773062400,Up,0,Down,"4533953385736389035630823445346060370195910004699768276797143263866110861662","2026-03-09T00:00:00Z",1773062899
"0x2d8b401d2f0e6937afebf18e19e11ca568a5260a","4533953385736389035630823445346060370195910004699768276797143263866110861662","0xcf5d663ed5a1101f1f9e63cc42e826ff10d25335c9f44d63c761f12c37fc27de",0.6781179999999999,3941.011038,1268.540514,1.0,"Bitcoin Up or Down - March 9, 9:20AM-9:25AM ET",btc-updown-5m-1773062400,https://polymarket-upload.s3.us-east-2.amazonaws.com/BTC+fullsize.png,btc-updown-5m-1773062400,Down,1,Up,"51861820217855373850998710340839278731301739122829378423163854062646727740360","2026-03-09T00:00:00Z",1773062899
"0x2d8b401d2f0e6937afebf18e19e11ca568a5260a","34252065582591884173854117967927529057116348675224170950830007038171505480833","0x12e406164a1a626a1044e618981c2ca95a678903503a0d577c2cf62604b39721",0.632932,1737.459226,637.765683,1.0,"Bitcoin Up or Down - March 9, 9:15AM-9:20AM ET",btc-updown-5m-1773062100,https://polymarket-upload.s3.us-east-2.amazonaws.com/BTC+fullsize.png,btc-updown-5m-1773062100,Down,1,Up,"102185794977095709667282271447875077835088349322416267951385670894812069233404","2026-03-09T00:00:00Z",1773062599
"0x2d8b401d2f0e6937afebf18e19e11ca568a5260a","102185794977095709667282271447875077835088349322416267951385670894812069233404","0x12e406164a1a626a1044e618981c2ca95a678903503a0d577c2cf62604b39721",0.33571799999999996,2392.557243,-803.224532,0.0,"Bitcoin Up or Down - March 9, 9:15AM-9:20AM ET",btc-updown-5m-1773062100,https://polymarket-upload.s3.us-east-2.amazonaws.com/BTC+fullsize.png,btc-updown-5m-1773062100,Up,0,Down,"34252065582591884173854117967927529057116348675224170950830007038171505480833","2026-03-09T00:00:00Z",1773062599
"0x2d8b401d2f0e6937afebf18e19e11ca568a5260a","75585018317606847428263292264230585954990050983958843338875608768137190990592","0x40b05bdcfc50ba005fcbc207fa6a260021b298a15f27933bb195e216fd269c66",0.16440600000000002,3308.733839,-543.975695,0.0,"Bitcoin Up or Down - March 9, 9:10AM-9:15AM ET",btc-updown-5m-1773061800,https://polymarket-upload.s3.us-east-2.amazonaws.com/BTC+fullsize.png,btc-updown-5m-1773061800,Down,1,Up,"112058739284820131694854026397313073173739142775645388033356692474024729561432","2026-03-09T00:00:00Z",1773062299
"0x2d8b401d2f0e6937afebf18e19e11ca568a5260a","112058739284820131694854026397313073173739142775645388033356692474024729561432","0x40b05bdcfc50ba005fcbc207fa6a260021b298a15f27933bb195e216fd269c66",0.810388,2606.062809,494.14078100000006,1.0,"Bitcoin Up or Down - March 9, 9:10AM-9:15AM ET",btc-updown-5m-1773061800,https://polymarket-upload.s3.us-east-2.amazonaws.com/BTC+fullsize.png,btc-updown-5m-1773061800,Up,0,Down,"75585018317606847428263292264230585954990050983958843338875608768137190990592","2026-03-09T00:00:00Z",1773062299
"0x2d8b401d2f0e6937afebf18e19e11ca568a5260a","84977615876255637532993731662027993027570691044130090227722922747033483140810","0xb392f2f63cfd33dc7ecd24ee5c40f5f52b8c872ff643988164c947df2941ded9",0.550927,5060.169931,2272.385691,1.0,"Bitcoin Up or Down - March 9, 9:05AM-9:10AM ET",btc-updown-5m-1773061500,https://polymarket-upload.s3.us-east-2.amazonaws.com/BTC+fullsize.png,btc-updown-5m-1773061500,Up,0,Down,"114177637973243171561286059626821145404285323388276679747846699496899228887332","2026-03-09T00:00:00Z",1773061999
"0x2d8b401d2f0e6937afebf18e19e11ca568a5260a","114177637973243171561286059626821145404285323388276679747846699496899228887332","0xb392f2f63cfd33dc7ecd24ee5c40f5f52b8c872ff643988164c947df2941ded9",0.402511,5694.055910000001,-2291.920138,0.0,"Bitcoin Up or Down - March 9, 9:05AM-9:10AM ET",btc-updown-5m-1773061500,https://polymarket-upload.s3.us-east-2.amazonaws.com/BTC+fullsize.png,btc-updown-5m-1773061500,Down,1,Up,"84977615876255637532993731662027993027570691044130090227722922747033483140810","2026-03-09T00:00:00Z",1773061999
"0x2d8b401d2f0e6937afebf18e19e11ca568a5260a","85334221094033531782557411454515681165395953235795061303598224536921880579377","0xdace093c3b9339fea6d67a6f4ce53de0bbd354387b84715f60cf52c7c40ee425",0.306253,5253.54178,-1608.91293,0.0,"Bitcoin Up or Down - March 9, 9:00AM-9:05AM ET",btc-updown-5m-1773061200,https://polymarket-upload.s3.us-east-2.amazonaws.com/BTC+fullsize.png,btc-updown-5m-1773061200,Down,1,Up,"31470084746645472008153924529453102313469849262775053032704746610496940560808","2026-03-09T00:00:00Z",1773061699
"0x2d8b401d2f0e6937afebf18e19e11ca568a5260a","31470084746645472008153924529453102313469849262775053032704746610496940560808","0xdace093c3b9339fea6d67a6f4ce53de0bbd354387b84715f60cf52c7c40ee425",0.6499,4710.522299,1649.1538560000001,1.0,"Bitcoin Up or Down - March 9, 9:00AM-9:05AM ET",btc-updown-5m-1773061200,https://polymarket-upload.s3.us-east-2.amazonaws.com/BTC+fullsize.png,btc-updown-5m-1773061200,Up,0,Down,"85334221094033531782557411454515681165395953235795061303598224536921880579377","2026-03-09T00:00:00Z",1773061699
"0x2d8b401d2f0e6937afebf18e19e11ca568a5260a","9478375475022588176267387901929114855411638387448084318977822639475853181831","0xdbc041fa17c2fa7ee8531b9d89b87db4529b970c3ccebd1c4f7d5333f7a6356d",0.260935,2816.696809,-734.974781,0.0,"Bitcoin Up or Down - March 9, 8:55AM-9:00AM ET",btc-updown-5m-1773060900,https://polymarket-upload.s3.us-east-2.amazonaws.com/BTC+fullsize.png,btc-updown-5m-1773060900,Down,1,Up,"53649089072602122087324055508557480006952260733821839707333784098583772954224","2026-03-09T00:00:00Z",1773061399
"0x2d8b401d2f0e6937afebf18e19e11ca568a5260a","53649089072602122087324055508557480006952260733821839707333784098583772954224","0xdbc041fa17c2fa7ee8531b9d89b87db4529b970c3ccebd1c4f7d5333f7a6356d",0.73918,2955.532219,770.861913,1.0,"Bitcoin Up or Down - March 9, 8:55AM-9:00AM ET",btc-updown-5m-1773060900,https://polymarket-upload.s3.us-east-2.amazonaws.com/BTC+fullsize.png,btc-updown-5m-1773060900,Up,0,Down,"9478375475022588176267387901929114855411638387448084318977822639475853181831","2026-03-09T00:00:00Z",1773061399
"0x2d8b401d2f0e6937afebf18e19e11ca568a5260a","1376773119734031904782092615782250357512024410872733060989141527387950996812","0xf586c969b181b43d0e1667d2a0628b6e197dd8bce436a6a38b6799baf6207973",0.546749,5890.128853,2669.706792,1.0,"Bitcoin Up or Down - March 9, 8:50AM-8:55AM ET",btc-updown-5m-1773060600,https://polymarket-upload.s3.us-east-2.amazonaws.com/BTC+fullsize.png,btc-updown-5m-1773060600,Down,1,Up,"1112850439509797651453917243537378301289642514329706139945952452911124403615","2026-03-09T00:00:00Z",1773061099
"0x2d8b401d2f0e6937afebf18e19e11ca568a5260a","1112850439509797651453917243537378301289642514329706139945952452911124403615","0xf586c969b181b43d0e1667d2a0628b6e197dd8bce436a6a38b6799baf6207973",0.439627,6123.112780000001,-2691.885702,0.0,"Bitcoin Up or Down - March 9, 8:50AM-8:55AM ET",btc-updown-5m-1773060600,https://polymarket-upload.s3.us-east-2.amazonaws.com/BTC+fullsize.png,btc-updown-5m-1773060600,Up,0,Down,"1376773119734031904782092615782250357512024410872733060989141527387950996812","2026-03-09T00:00:00Z",1773061099
"0x2d8b401d2f0e6937afebf18e19e11ca568a5260a","59348427621652202010195346960521373760576791218366680931007433066721348658776","0x92af2fa7d3fef0a6c049100c8dde32cf5ab2f285f783e0d98c53d4580b551ffc",0.401494,5543.092562,3317.574156,1.0,"Bitcoin Up or Down - March 9, 8:45AM-8:50AM ET",btc-updown-5m-1773060300,https://polymarket-upload.s3.us-east-2.amazonaws.com/BTC+fullsize.png,btc-updown-5m-1773060300,Down,1,Up,"48438983052802208153303090152090398467127059156882556275470018510316374919757","2026-03-09T00:00:00Z",1773060799
"0x2d8b401d2f0e6937afebf18e19e11ca568a5260a","48438983052802208153303090152090398467127059156882556275470018510316374919757","0x92af2fa7d3fef0a6c049100c8dde32cf5ab2f285f783e0d98c53d4580b551ffc",0.5139859999999999,5030.44219,-2585.576859,0.0,"Bitcoin Up or Down - March 9, 8:45AM-8:50AM ET",btc-updown-5m-1773060300,https://polymarket-upload.s3.us-east-2.amazonaws.com/BTC+fullsize.png,btc-updown-5m-1773060300,Up,0,Down,"59348427621652202010195346960521373760576791218366680931007433066721348658776","2026-03-09T00:00:00Z",1773060799
"0x2d8b401d2f0e6937afebf18e19e11ca568a5260a","63978282580635042910452379156822092065083460466382840810672721457100285305049","0xd7bde40e0fa4dbb1a85e5fb627b8c52856e80b87eb149bcdcee582b9969448fd",0.60948,2857.815721,1116.034195,1.0,"Bitcoin Up or Down - March 9, 8:40AM-8:45AM ET",btc-updown-5m-1773060000,https://polymarket-upload.s3.us-east-2.amazonaws.com/BTC+fullsize.png,btc-updown-5m-1773060000,Down,1,Up,"111309807167620473430866465529858235457530706710802091376845348121398839652198","2026-03-09T00:00:00Z",1773060497
"0x2d8b401d2f0e6937afebf18e19e11ca568a5260a","111309807167620473430866465529858235457530706710802091376845348121398839652198","0xd7bde40e0fa4dbb1a85e5fb627b8c52856e80b87eb149bcdcee582b9969448fd",0.37798,3472.528154,-1312.546191,0.0,"Bitcoin Up or Down - March 9, 8:40AM-8:45AM ET",btc-updown-5m-1773060000,https://polymarket-upload.s3.us-east-2.amazonaws.com/BTC+fullsize.png,btc-updown-5m-1773060000,Up,0,Down,"63978282580635042910452379156822092065083460466382840810672721457100285305049","2026-03-09T00:00:00Z",1773060497
"0x2d8b401d2f0e6937afebf18e19e11ca568a5260a","43333956582078240757277899835080061199788808342879824242646361182310910390310","0x912b1469077ca5ad2f01213d7dfedf84fcf4201d2ee5f90dfeb77aa7e5ebce99",0.69282,3386.807469,1040.359518,1.0,"Bitcoin Up or Down - March 9, 8:35AM-8:40AM ET",btc-updown-5m-1773059700,https://polymarket-upload.s3.us-east-2.amazonaws.com/BTC+fullsize.png,btc-updown-5m-1773059700,Up,0,Down,"22779323153730953506463640509275483607917413208456720876971042453656079481915","2026-03-09T00:00:00Z",1773060297
"0x2d8b401d2f0e6937afebf18e19e11ca568a5260a","22779323153730953506463640509275483607917413208456720876971042453656079481915","0x912b1469077ca5ad2f01213d7dfedf84fcf4201d2ee5f90dfeb77aa7e5ebce99",0.314731,2344.977226,-738.037027,0.0,"Bitcoin Up or Down - March 9, 8:35AM-8:40AM ET",btc-updown-5m-1773059700,https://polymarket-upload.s3.us-east-2.amazonaws.com/BTC+fullsize.png,btc-updown-5m-1773059700,Down,1,Up,"43333956582078240757277899835080061199788808342879824242646361182310910390310","2026-03-09T00:00:00Z",1773060297
"0x2d8b401d2f0e6937afebf18e19e11ca568a5260a","63053548747013847621453059261060329046019773177660763829856632479989130178361","0x0c3457364d9ebce9d0845cda9228f71011d192614946ad21fb51a997209affe6",0.333583,4583.074173,-1528.835631,0.0,"Bitcoin Up or Down - March 9, 8:30AM-8:35AM ET",btc-updown-5m-1773059400,https://polymarket-upload.s3.us-east-2.amazonaws.com/BTC+fullsize.png,btc-updown-5m-1773059400,Up,0,Down,"61027714492155849210797890761607030955298123819056231220841087397298910200082","2026-03-09T00:00:00Z",1773059897
"0x2d8b401d2f0e6937afebf18e19e11ca568a5260a","61027714492155849210797890761607030955298123819056231220841087397298910200082","0x0c3457364d9ebce9d0845cda9228f71011d192614946ad21fb51a997209affe6",0.596506,5257.857674,2121.514024,1.0,"Bitcoin Up or Down - March 9, 8:30AM-8:35AM ET",btc-updown-5m-1773059400,https://polymarket-upload.s3.us-east-2.amazonaws.com/BTC+fullsize.png,btc-updown-5m-1773059400,Down,1,Up,"63053548747013847621453059261060329046019773177660763829856632479989130178361","2026-03-09T00:00:00Z",1773059897
"0x2d8b401d2f0e6937afebf18e19e11ca568a5260a","87702974900709548288267299268291294921163500977904630767637501917572526385253","0x0ceb3a3e7dd4e3baff960f5607b7c7ce125fbbe32e5b8293722e23e56ba57339",0.571119,7643.461344,-4365.325999,0.0,"Bitcoin Up or Down - March 9, 8:25AM-8:30AM ET",btc-updown-5m-1773059100,https://polymarket-upload.s3.us-east-2.amazonaws.com/BTC+fullsize.png,btc-updown-5m-1773059100,Down,1,Up,"102698796809982516715537496671164967435003463172853607919875450057585804987194","2026-03-09T00:00:00Z",1773059699
"0x2d8b401d2f0e6937afebf18e19e11ca568a5260a","102698796809982516715537496671164967435003463172853607919875450057585804987194","0x0ceb3a3e7dd4e3baff960f5607b7c7ce125fbbe32e5b8293722e23e56ba57339",0.396712,7997.39371,4824.731656,1.0,"Bitcoin Up or Down - March 9, 8:25AM-8:30AM ET",btc-updown-5m-1773059100,https://polymarket-upload.s3.us-east-2.amazonaws.com/BTC+fullsize.png,btc-updown-5m-1773059100,Up,0,Down,"87702974900709548288267299268291294921163500977904630767637501917572526385253","2026-03-09T00:00:00Z",1773059699
"0x2d8b401d2f0e6937afebf18e19e11ca568a5260a","29817430628198449608860865930669339499531364208398687492422706373160551479986","0x6e08253427314859e6b4f9886f8df4f480fd0f7916134621c02b8f36344a83cf",0.616292,6395.654256,2454.063703,1.0,"Bitcoin Up or Down - March 9, 8:20AM-8:25AM ET",btc-updown-5m-1773058800,https://polymarket-upload.s3.us-east-2.amazonaws.com/BTC+fullsize.png,btc-updown-5m-1773058800,Up,0,Down,"17403891140862508971400411234384320826141935196319133589346997715572919712440","2026-03-09T00:00:00Z",1773059397
"0x2d8b401d2f0e6937afebf18e19e11ca568a5260a","17403891140862508971400411234384320826141935196319133589346997715572919712440","0x6e08253427314859e6b4f9886f8df4f480fd0f7916134621c02b8f36344a83cf",0.34833,7237.675638,-2521.099554,0.0,"Bitcoin Up or Down - March 9, 8:20AM-8:25AM ET",btc-updown-5m-1773058800,https://polymarket-upload.s3.us-east-2.amazonaws.com/BTC+fullsize.png,btc-updown-5m-1773058800,Down,1,Up,"29817430628198449608860865930669339499531364208398687492422706373160551479986","2026-03-09T00:00:00Z",1773059397
"0x2d8b401d2f0e6937afebf18e19e11ca568a5260a","68004725127466392549222596180608314779021618811475639262165044907036294599247","0xdfa6bd31bf3a85530db49e175a669ae95bbeccd2b9514fc6525b12ef4953395e",0.508023,4990.60821,-2535.343754,0.0,"Bitcoin Up or Down - March 9, 8:15AM-8:20AM ET",btc-updown-5m-1773058500,https://polymarket-upload.s3.us-east-2.amazonaws.com/BTC+fullsize.png,btc-updown-5m-1773058500,Down,1,Up,"50607232508903497237829430879211764412976453884531958671066024757152558344724","2026-03-09T00:00:00Z",1773059097
"0x2d8b401d2f0e6937afebf18e19e11ca568a5260a","50607232508903497237829430879211764412976453884531958671066024757152558344724","0xdfa6bd31bf3a85530db49e175a669ae95bbeccd2b9514fc6525b12ef4953395e",0.5072249999999999,4862.833401,2396.282729,1.0,"Bitcoin Up or Down - March 9, 8:15AM-8:20AM ET",btc-updown-5m-1773058500,https://polymarket-upload.s3.us-east-2.amazonaws.com/BTC+fullsize.png,btc-updown-5m-1773058500,Up,0,Down,"68004725127466392549222596180608314779021618811475639262165044907036294599247","2026-03-09T00:00:00Z",1773059097
"0x2d8b401d2f0e6937afebf18e19e11ca568a5260a","659947941910482649045028145705197092895519183272627920814001019016039028326","0x23c26f67320d0e2d1194437248cb979257b3dc5eb51b4acb92236f037ffeb9bd",0.348607,5353.499437,3487.232058,1.0,"Bitcoin Up or Down - March 9, 8:10AM-8:15AM ET",btc-updown-5m-1773058200,https://polymarket-upload.s3.us-east-2.amazonaws.com/BTC+fullsize.png,btc-updown-5m-1773058200,Up,0,Down,"109494335878514689664867387114500447168097206226492258810963099150730169896433","2026-03-09T00:00:00Z",1773058797
"0x2d8b401d2f0e6937afebf18e19e11ca568a5260a","109494335878514689664867387114500447168097206226492258810963099150730169896433","0x23c26f67320d0e2d1194437248cb979257b3dc5eb51b4acb92236f037ffeb9bd",0.635145,5978.162087,-3796.999758,0.0,"Bitcoin Up or Down - March 9, 8:10AM-8:15AM ET",btc-updown-5m-1773058200,https://polymarket-upload.s3.us-east-2.amazonaws.com/BTC+fullsize.png,btc-updown-5m-1773058200,Down,1,Up,"659947941910482649045028145705197092895519183272627920814001019016039028326","2026-03-09T00:00:00Z",1773058797
"0x2d8b401d2f0e6937afebf18e19e11ca568a5260a","94845562621615211770283078142847733302678652257969052231533908437147123773055","0x1863181afd93bed68693f9835499d0a7a2b19537c8e05074eb2c2c8c406fda9a",0.60362,3586.143307,1421.475484,1.0,"Bitcoin Up or Down - March 9, 8:05AM-8:10AM ET",btc-updown-5m-1773057900,https://polymarket-upload.s3.us-east-2.amazonaws.com/BTC+fullsize.png,btc-updown-5m-1773057900,Down,1,Up,"44283909879153075055575417329810477843905763414975733657211899490364209243660","2026-03-09T00:00:00Z",1773058497
"0x2d8b401d2f0e6937afebf18e19e11ca568a5260a","44283909879153075055575417329810477843905763414975733657211899490364209243660","0x1863181afd93bed68693f9835499d0a7a2b19537c8e05074eb2c2c8c406fda9a",0.357523,4278.446214,-1529.6429250000003,0.0,"Bitcoin Up or Down - March 9, 8:05AM-8:10AM ET",btc-updown-5m-1773057900,https://polymarket-upload.s3.us-east-2.amazonaws.com/BTC+fullsize.png,btc-updown-5m-1773057900,Up,0,Down,"94845562621615211770283078142847733302678652257969052231533908437147123773055","2026-03-09T00:00:00Z",1773058497
"0x2d8b401d2f0e6937afebf18e19e11ca568a5260a","43867735923674220679829459770218213487454864619260055087582438976972965597373","0xa25f4cdd1461aaad43be0cb5aa07d8119769a65ac2e4c71d334b4503dbd01023",0.283327,3577.605122,-1013.632126,0.0,"Bitcoin Up or Down - March 9, 8:00AM-8:05AM ET",btc-updown-5m-1773057600,https://polymarket-upload.s3.us-east-2.amazonaws.com/BTC+fullsize.png,btc-updown-5m-1773057600,Down,1,Up,"111602814182332712965582620851491174211806075358201661534733429865458282652029","2026-03-09T00:00:00Z",1773058097
"0x2d8b401d2f0e6937afebf18e19e11ca568a5260a","111602814182332712965582620851491174211806075358201661534733429865458282652029","0xa25f4cdd1461aaad43be0cb5aa07d8119769a65ac2e4c71d334b4503dbd01023",0.7268629999999999,4186.033702000001,1143.360687,1.0,"Bitcoin Up or Down - March 9, 8:00AM-8:05AM ET",btc-updown-5m-1773057600,https://polymarket-upload.s3.us-east-2.amazonaws.com/BTC+fullsize.png,btc-updown-5m-1773057600,Up,0,Down,"43867735923674220679829459770218213487454864619260055087582438976972965597373","2026-03-09T00:00:00Z",1773058097
"0x2d8b401d2f0e6937afebf18e19e11ca568a5260a","97786279135836182393128878345687549547427277159987999440857801251033743750342","0x1fb467d34114323e8bb88fd4c49f125dd22a0b8035ed0dce385908d9880dcc14",0.572678,6094.147647,-3489.984286,0.0,"Bitcoin Up or Down - March 9, 7:55AM-8:00AM ET",btc-updown-5m-1773057300,https://polymarket-upload.s3.us-east-2.amazonaws.com/BTC+fullsize.png,btc-updown-5m-1773057300,Up,0,Down,"85307608866394210696228017700684416917783934694921826650812119437857027022021","2026-03-09T00:00:00Z",1773057897
"0x2d8b401d2f0e6937afebf18e19e11ca568a5260a","85307608866394210696228017700684416917783934694921826650812119437857027022021","0x1fb467d34114323e8bb88fd4c49f125dd22a0b8035ed0dce385908d9880dcc14",0.387332,5443.322753,3334.9496639999993,1.0,"Bitcoin Up or Down - March 9, 7:55AM-8:00AM ET",btc-updown-5m-1773057300,https://polymarket-upload.s3.us-east-2.amazonaws.com/BTC+fullsize.png,btc-updown-5m-1773057300,Down,1,Up,"97786279135836182393128878345687549547427277159987999440857801251033743750342","2026-03-09T00:00:00Z",1773057897
"0x2d8b401d2f0e6937afebf18e19e11ca568a5260a","79410236550585059101210992151921451673852823599999929134153780250188703844087","0xef58047b6b6c0ff6143d232f1ffb399e3cad8dbe24b8ad48a16b5eb731840642",0.531905,3934.461005,1841.701524,1.0,"Bitcoin Up or Down - March 9, 7:50AM-7:55AM ET",btc-updown-5m-1773057000,https://polymarket-upload.s3.us-east-2.amazonaws.com/BTC+fullsize.png,btc-updown-5m-1773057000,Up,0,Down,"10630677371036457598238754904150662319275884505227193382105255671100815336514","2026-03-09T00:00:00Z",1773057497
"0x2d8b401d2f0e6937afebf18e19e11ca568a5260a","10630677371036457598238754904150662319275884505227193382105255671100815336514","0xef58047b6b6c0ff6143d232f1ffb399e3cad8dbe24b8ad48a16b5eb731840642",0.451195,3473.758484,-1567.342459,0.0,"Bitcoin Up or Down - March 9, 7:50AM-7:55AM ET",btc-updown-5m-1773057000,https://polymarket-upload.s3.us-east-2.amazonaws.com/BTC+fullsize.png,btc-updown-5m-1773057000,Down,1,Up,"79410236550585059101210992151921451673852823599999929134153780250188703844087","2026-03-09T00:00:00Z",1773057497
"0x2d8b401d2f0e6937afebf18e19e11ca568a5260a","41976739313724231851999930217577162692028519485598859403779509532844891798391","0x1e75e3fda7a2e72264b3cf9dbe6d76b133e73ee86cabdac2bcc0bce8eebdba8e",0.37258199999999997,6840.353781,4291.761088,1.0,"Bitcoin Up or Down - March 9, 7:45AM-7:50AM ET",btc-updown-5m-1773056700,https://polymarket-upload.s3.us-east-2.amazonaws.com/BTC+fullsize.png,btc-updown-5m-1773056700,Down,1,Up,"25212905256301636432224197088033289408701991832798688855174697816960441437317","2026-03-09T00:00:00Z",1773057197
"0x2d8b401d2f0e6937afebf18e19e11ca568a5260a","25212905256301636432224197088033289408701991832798688855174697816960441437317","0x1e75e3fda7a2e72264b3cf9dbe6d76b133e73ee86cabdac2bcc0bce8eebdba8e",0.628694,7065.535766,-4442.059942,0.0,"Bitcoin Up or Down - March 9, 7:45AM-7:50AM ET",btc-updown-5m-1773056700,https://polymarket-upload.s3.us-east-2.amazonaws.com/BTC+fullsize.png,btc-updown-5m-1773056700,Up,0,Down,"41976739313724231851999930217577162692028519485598859403779509532844891798391","2026-03-09T00:00:00Z",1773057197
"0x2d8b401d2f0e6937afebf18e19e11ca568a5260a","99162018319477100642710053451415121287732198048472069829581031808229876509291","0x9c604a9588dc8bedff8db9ff8878b5da108f4b4eab3e8b5c51f5dab22ebcf72f",0.682079,3591.7200370000005,1141.883225,1.0,"Bitcoin Up or Down - March 9, 7:40AM-7:45AM ET",btc-updown-5m-1773056400,https://polymarket-upload.s3.us-east-2.amazonaws.com/BTC+fullsize.png,btc-updown-5m-1773056400,Down,1,Up,"8957870826949448251581365673803869464896298446242625396460556289718059333816","2026-03-09T00:00:00Z",1773056895
"0x2d8b401d2f0e6937afebf18e19e11ca568a5260a","8957870826949448251581365673803869464896298446242625396460556289718059333816","0x9c604a9588dc8bedff8db9ff8878b5da108f4b4eab3e8b5c51f5dab22ebcf72f",0.289849,4280.974999,-1240.836322,0.0,"Bitcoin Up or Down - March 9, 7:40AM-7:45AM ET",btc-updown-5m-1773056400,https://polymarket-upload.s3.us-east-2.amazonaws.com/BTC+fullsize.png,btc-updown-5m-1773056400,Up,0,Down,"99162018319477100642710053451415121287732198048472069829581031808229876509291","2026-03-09T00:00:00Z",1773056895
"0x2d8b401d2f0e6937afebf18e19e11ca568a5260a","75502584437778050017074632779998918050564415292830488644425213718642278205823","0x8fc2e404bf963f42d55f2886c3ab44efe2f00455716eacb59876ba0353ea509b",0.331639,5447.314885,-1806.5420610000003,0.0,"Bitcoin Up or Down - March 9, 7:35AM-7:40AM ET",btc-updown-5m-1773056100,https://polymarket-upload.s3.us-east-2.amazonaws.com/BTC+fullsize.png,btc-updown-5m-1773056100,Down,1,Up,"30473850525159744271102448070663092609768875674371455794150306255092301922283","2026-03-09T00:00:00Z",1773056595
"0x2d8b401d2f0e6937afebf18e19e11ca568a5260a","30473850525159744271102448070663092609768875674371455794150306255092301922283","0x8fc2e404bf963f42d55f2886c3ab44efe2f00455716eacb59876ba0353ea509b",0.654347,4899.344558,1693.473144,1.0,"Bitcoin Up or Down - March 9, 7:35AM-7:40AM ET",btc-updown-5m-1773056100,https://polymarket-upload.s3.us-east-2.amazonaws.com/BTC+fullsize.png,btc-updown-5m-1773056100,Up,0,Down,"75502584437778050017074632779998918050564415292830488644425213718642278205823","2026-03-09T00:00:00Z",1773056595
"0x2d8b401d2f0e6937afebf18e19e11ca568a5260a","99603978042044290126312112367978681055971940212289297105207446725129300703775","0x066f34cc3e1d57606598cb5314c439de98742e40ee6c40eebb993aeb7df3258e",0.643444,4431.323499,1580.0149810000003,1.0,"Bitcoin Up or Down - March 9, 7:30AM-7:35AM ET",btc-updown-5m-1773055800,https://polymarket-upload.s3.us-east-2.amazonaws.com/BTC+fullsize.png,btc-updown-5m-1773055800,Up,0,Down,"71911160735433075201066739396325186542240425151321448630808834142037199760878","2026-03-09T00:00:00Z",1773056395
"0x2d8b401d2f0e6937afebf18e19e11ca568a5260a","71911160735433075201066739396325186542240425151321448630808834142037199760878","0x066f34cc3e1d57606598cb5314c439de98742e40ee6c40eebb993aeb7df3258e",0.326977,5108.387883,-1670.325344,0.0,"Bitcoin Up or Down - March 9, 7:30AM-7:35AM ET",btc-updown-5m-1773055800,https://polymarket-upload.s3.us-east-2.amazonaws.com/BTC+fullsize.png,btc-updown-5m-1773055800,Down,1,Up,"99603978042044290126312112367978681055971940212289297105207446725129300703775","2026-03-09T00:00:00Z",1773056395
"0x2d8b401d2f0e6937afebf18e19e11ca568a5260a","34826558392145987952295348286015737395593531592514781008076742387215945801972","0x67f744e936b6cf1eac725019149c27b1e6d64596bfc9fded4ecc78a8444d35f7",0.373177,3131.650624,-1168.659984,0.0,"Bitcoin Up or Down - March 9, 7:25AM-7:30AM ET",btc-updown-5m-1773055500,https://polymarket-upload.s3.us-east-2.amazonaws.com/BTC+fullsize.png,btc-updown-5m-1773055500,Up,0,Down,"103731831311368708464213698845422855659090959948918747830392421422974164240595","2026-03-09T00:00:00Z",1773055995
"0x2d8b401d2f0e6937afebf18e19e11ca568a5260a","103731831311368708464213698845422855659090959948918747830392421422974164240595","0x67f744e936b6cf1eac725019149c27b1e6d64596bfc9fded4ecc78a8444d35f7",0.607153,3127.286109,1228.544966,1.0,"Bitcoin Up or Down - March 9, 7:25AM-7:30AM ET",btc-updown-5m-1773055500,https://polymarket-upload.s3.us-east-2.amazonaws.com/BTC+fullsize.png,btc-updown-5m-1773055500,Down,1,Up,"34826558392145987952295348286015737395593531592514781008076742387215945801972","2026-03-09T00:00:00Z",1773055995
"0x2d8b401d2f0e6937afebf18e19e11ca568a5260a","57764977898572517367123283270791679147337082394869403368851612412142454404685","0x36e39c7e41dbc5d67a05f835438b6037fbcfa66cdf77ba88452d00e7ec0ddb3a",0.37779399999999996,4990.314062,3105.003351,1.0,"Bitcoin Up or Down - March 9, 7:20AM-7:25AM ET",btc-updown-5m-1773055200,https://polymarket-upload.s3.us-east-2.amazonaws.com/BTC+fullsize.png,btc-updown-5m-1773055200,Up,0,Down,"105667312545028253041782721288058819341648040193446859498887212343312816842704","2026-03-09T00:00:00Z",1773055795
"0x2d8b401d2f0e6937afebf18e19e11ca568a5260a","105667312545028253041782721288058819341648040193446859498887212343312816842704","0x36e39c7e41dbc5d67a05f835438b6037fbcfa66cdf77ba88452d00e7ec0ddb3a",0.589357,5695.210089,-3356.511932,0.0,"Bitcoin Up or Down - March 9, 7:20AM-7:25AM ET",btc-updown-5m-1773055200,https://polymarket-upload.s3.us-east-2.amazonaws.com/BTC+fullsize.png,btc-updown-5m-1773055200,Down,1,Up,"57764977898572517367123283270791679147337082394869403368851612412142454404685","2026-03-09T00:00:00Z",1773055795
"0x2d8b401d2f0e6937afebf18e19e11ca568a5260a","80716986688313028390583324082992509771744444372651632582953332351284224671695","0x69f36574dc66b8ab947ebedacef3317164839c3537a9a679c4a589be1683ff0e",0.692764,3845.4913900000006,1181.473392,1.0,"Bitcoin Up or Down - March 9, 7:15AM-7:20AM ET",btc-updown-5m-1773054900,https://polymarket-upload.s3.us-east-2.amazonaws.com/BTC+fullsize.png,btc-updown-5m-1773054900,Down,1,Up,"44510865341391050382597494249578406412200651859091465899288745264206011510709","2026-03-09T00:00:00Z",1773055395
"0x2d8b401d2f0e6937afebf18e19e11ca568a5260a","44510865341391050382597494249578406412200651859091465899288745264206011510709","0x69f36574dc66b8ab947ebedacef3317164839c3537a9a679c4a589be1683ff0e",0.291573,3817.46981,-1113.071124,0.0,"Bitcoin Up or Down - March 9, 7:15AM-7:20AM ET",btc-updown-5m-1773054900,https://polymarket-upload.s3.us-east-2.amazonaws.com/BTC+fullsize.png,btc-updown-5m-1773054900,Up,0,Down,"80716986688313028390583324082992509771744444372651632582953332351284224671695","2026-03-09T00:00:00Z",1773055395
"0x2d8b401d2f0e6937afebf18e19e11ca568a5260a","9747861636436363264528004034935333775753176766052227329321387792460532198941","0xcd3f815424a1fd2ea775b3df428568ecdfcdc8a04c181f42959fe12b3794cacb",0.547778,4374.85395,1978.405202,1.0,"Bitcoin Up or Down - March 9, 7:10AM-7:15AM ET",btc-updown-5m-1773054600,https://polymarket-upload.s3.us-east-2.amazonaws.com/BTC+fullsize.png,btc-updown-5m-1773054600,Down,1,Up,"28896968266390433939458128402289997025342962853429385996058454244763798605360","2026-03-09T00:00:00Z",1773055095
"0x2d8b401d2f0e6937afebf18e19e11ca568a5260a","28896968266390433939458128402289997025342962853429385996058454244763798605360","0xcd3f815424a1fd2ea775b3df428568ecdfcdc8a04c181f42959fe12b3794cacb",0.4081659999999999,5104.717122000001,-2083.571968,0.0,"Bitcoin Up or Down - March 9, 7:10AM-7:15AM ET",btc-updown-5m-1773054600,https://polymarket-upload.s3.us-east-2.amazonaws.com/BTC+fullsize.png,btc-updown-5m-1773054600,Up,0,Down,"9747861636436363264528004034935333775753176766052227329321387792460532198941","2026-03-09T00:00:00Z",1773055095
"0x2d8b401d2f0e6937afebf18e19e11ca568a5260a","81604514143074399518887002826991765777873568686609956441678803303344631568199","0xa8bcfc5bb6a871ac5125ded47f5fb5f6c64abb162d1ad6cabf0b48c0495f6114",0.721224,3155.2534690000007,879.608941,1.0,"Bitcoin Up or Down - March 9, 7:05AM-7:10AM ET",btc-updown-5m-1773054300,https://polymarket-upload.s3.us-east-2.amazonaws.com/BTC+fullsize.png,btc-updown-5m-1773054300,Up,0,Down,"105875928445966395499212474442666051173584669451864742549495607068182452840239","2026-03-09T00:00:00Z",1773054895
"0x2d8b401d2f0e6937afebf18e19e11ca568a5260a","105875928445966395499212474442666051173584669451864742549495607068182452840239","0xa8bcfc5bb6a871ac5125ded47f5fb5f6c64abb162d1ad6cabf0b48c0495f6114",0.272126,3411.6984240000006,-928.411845,0.0,"Bitcoin Up or Down - March 9, 7:05AM-7:10AM ET",btc-updown-5m-1773054300,https://polymarket-upload.s3.us-east-2.amazonaws.com/BTC+fullsize.png,btc-updown-5m-1773054300,Down,1,Up,"81604514143074399518887002826991765777873568686609956441678803303344631568199","2026-03-09T00:00:00Z",1773054895
"0x2d8b401d2f0e6937afebf18e19e11ca568a5260a","83166840658682194648612522550200012889669802061656213390058215103659352021150","0x7b08f8c2e48bbce0c52936b72b25764306198711578e3a7fee74f8187474bc08",0.543185,1676.99444,766.076215,1.0,"Bitcoin Up or Down - March 9, 7:00AM-7:05AM ET",btc-updown-5m-1773054000,https://polymarket-upload.s3.us-east-2.amazonaws.com/BTC+fullsize.png,btc-updown-5m-1773054000,Up,0,Down,"11785196780048199853905856204356553461669176154630569569813193840062467412666","2026-03-09T00:00:00Z",1773054495
"0x2d8b401d2f0e6937afebf18e19e11ca568a5260a","11785196780048199853905856204356553461669176154630569569813193840062467412666","0x7b08f8c2e48bbce0c52936b72b25764306198711578e3a7fee74f8187474bc08",0.450239,2360.536021,-1062.8053770000001,0.0,"Bitcoin Up or Down - March 9, 7:00AM-7:05AM ET",btc-updown-5m-1773054000,https://polymarket-upload.s3.us-east-2.amazonaws.com/BTC+fullsize.png,btc-updown-5m-1773054000,Down,1,Up,"83166840658682194648612522550200012889669802061656213390058215103659352021150","2026-03-09T00:00:00Z",1773054495
"0x2d8b401d2f0e6937afebf18e19e11ca568a5260a","89631987549820702104939195996573659288476891389709109572174661407416911999372","0xd2fd366ef924ddf2a3c1117e2b685cb97d09b3fd16ba5f2431d72bdb1d5b7c4d",0.72564,2473.312422,678.577996,1.0,"Bitcoin Up or Down - March 9, 6:55AM-7:00AM ET",btc-updown-5m-1773053700,https://polymarket-upload.s3.us-east-2.amazonaws.com/BTC+fullsize.png,btc-updown-5m-1773053700,Down,1,Up,"47849423815660322309154264077301311463218331601043061676523676950894180034338","2026-03-09T00:00:00Z",1773054195
"0x2d8b401d2f0e6937afebf18e19e11ca568a5260a","47849423815660322309154264077301311463218331601043061676523676950894180034338","0xd2fd366ef924ddf2a3c1117e2b685cb97d09b3fd16ba5f2431d72bdb1d5b7c4d",0.244373,3125.646242,-763.823549,0.0,"Bitcoin Up or Down - March 9, 6:55AM-7:00AM ET",btc-updown-5m-1773053700,https://polymarket-upload.s3.us-east-2.amazonaws.com/BTC+fullsize.png,btc-updown-5m-1773053700,Up,0,Down,"89631987549820702104939195996573659288476891389709109572174661407416911999372","2026-03-09T00:00:00Z",1773054195
"0x2d8b401d2f0e6937afebf18e19e11ca568a5260a","94251247662892180489029073059842737341477810887851296197605888929243084942562","0x5d1a10b5f0628214ed6c59aeb26e3cc264e6a4ded4efcc1cb86d52f00889cef5",0.587935,5675.514065,2338.680703,1.0,"Bitcoin Up or Down - March 9, 6:50AM-6:55AM ET",btc-updown-5m-1773053400,https://polymarket-upload.s3.us-east-2.amazonaws.com/BTC+fullsize.png,btc-updown-5m-1773053400,Down,1,Up,"110215477778271593493458021382676662147223038944835405328520006822969724652968","2026-03-09T00:00:00Z",1773053995
"0x2d8b401d2f0e6937afebf18e19e11ca568a5260a","110215477778271593493458021382676662147223038944835405328520006822969724652968","0x5d1a10b5f0628214ed6c59aeb26e3cc264e6a4ded4efcc1cb86d52f00889cef5",0.347834,4854.367779,-1688.514162,0.0,"Bitcoin Up or Down - March 9, 6:50AM-6:55AM ET",btc-updown-5m-1773053400,https://polymarket-upload.s3.us-east-2.amazonaws.com/BTC+fullsize.png,btc-updown-5m-1773053400,Up,0,Down,"94251247662892180489029073059842737341477810887851296197605888929243084942562","2026-03-09T00:00:00Z",1773053995
"0x2d8b401d2f0e6937afebf18e19e11ca568a5260a","59403839419942529588069565837596175060399835966739261321661050993247866952130","0xadd48e1cb0817843b4f85dfc43348bdfdffe0c0e6ba5ffe340bf4a488bd63806",0.570744,4132.154961,1773.752309,1.0,"Bitcoin Up or Down - March 9, 6:45AM-6:50AM ET",btc-updown-5m-1773053100,https://polymarket-upload.s3.us-east-2.amazonaws.com/BTC+fullsize.png,btc-updown-5m-1773053100,Down,1,Up,"40198869343468541020836550422235722058107329058742404428393169303413793948239","2026-03-09T00:00:00Z",1773053595
"0x2d8b401d2f0e6937afebf18e19e11ca568a5260a","40198869343468541020836550422235722058107329058742404428393169303413793948239","0xadd48e1cb0817843b4f85dfc43348bdfdffe0c0e6ba5ffe340bf4a488bd63806",0.439077,3612.945066,-1586.36108,0.0,"Bitcoin Up or Down - March 9, 6:45AM-6:50AM ET",btc-updown-5m-1773053100,https://polymarket-upload.s3.us-east-2.amazonaws.com/BTC+fullsize.png,btc-updown-5m-1773053100,Up,0,Down,"59403839419942529588069565837596175060399835966739261321661050993247866952130","2026-03-09T00:00:00Z",1773053595
"0x2d8b401d2f0e6937afebf18e19e11ca568a5260a","92023430452244519186505663513930705417656869298519813352374084413169826066035","0xdf3f209273bcb3f9725585fe62fc3e0b0a8dc1d61c1ed12ae9819884bcb4626d",0.612276,3959.637262,1535.246397,1.0,"Bitcoin Up or Down - March 9, 6:40AM-6:45AM ET",btc-updown-5m-1773052800,https://polymarket-upload.s3.us-east-2.amazonaws.com/BTC+fullsize.png,btc-updown-5m-1773052800,Down,1,Up,"40045576081770915159456552790588738471742047589733144034041382728527173368130","2026-03-09T00:00:00Z",1773053395
"0x2d8b401d2f0e6937afebf18e19e11ca568a5260a","40045576081770915159456552790588738471742047589733144034041382728527173368130","0xdf3f209273bcb3f9725585fe62fc3e0b0a8dc1d61c1ed12ae9819884bcb4626d",0.278052,3664.127345,-1018.817936,0.0,"Bitcoin Up or Down - March 9, 6:40AM-6:45AM ET",btc-updown-5m-1773052800,https://polymarket-upload.s3.us-east-2.amazonaws.com/BTC+fullsize.png,btc-updown-5m-1773052800,Up,0,Down,"92023430452244519186505663513930705417656869298519813352374084413169826066035","2026-03-09T00:00:00Z",1773053395
"0x2d8b401d2f0e6937afebf18e19e11ca568a5260a","84099847225986022266031788814645431553767348781752238692047397047352486746031","0xd47b1b3e531d267368f3027de59281cc93e1fd170daece779f01ebf63d294ffc",0.334094,4017.3366209999995,-1342.168061,0.0,"Bitcoin Up or Down - March 9, 6:35AM-6:40AM ET",btc-updown-5m-1773052500,https://polymarket-upload.s3.us-east-2.amazonaws.com/BTC+fullsize.png,btc-updown-5m-1773052500,Up,0,Down,"14828017467724537564047010889798994700400617499923383832581767756129377382810","2026-03-09T00:00:00Z",1773052993
"0x2d8b401d2f0e6937afebf18e19e11ca568a5260a","14828017467724537564047010889798994700400617499923383832581767756129377382810","0xd47b1b3e531d267368f3027de59281cc93e1fd170daece779f01ebf63d294ffc",0.636193,4475.499984,1628.218222,1.0,"Bitcoin Up or Down - March 9, 6:35AM-6:40AM ET",btc-updown-5m-1773052500,https://polymarket-upload.s3.us-east-2.amazonaws.com/BTC+fullsize.png,btc-updown-5m-1773052500,Down,1,Up,"84099847225986022266031788814645431553767348781752238692047397047352486746031","2026-03-09T00:00:00Z",1773052993
"0x2d8b401d2f0e6937afebf18e19e11ca568a5260a","99837060769079974320775949117399435391211687847632787952220721907911117109144","0x5d103dfa84daa59eafe57cfd333f056f2c7eb18f0c7b89ecb456144d2a0f2352",0.625751,7008.23534,-4385.410272,0.0,"Bitcoin Up or Down - March 9, 6:30AM-6:35AM ET",btc-updown-5m-1773052200,https://polymarket-upload.s3.us-east-2.amazonaws.com/BTC+fullsize.png,btc-updown-5m-1773052200,Down,1,Up,"5157617256799417307095558890354325166393773113316958926302683738310778440345","2026-03-09T00:00:00Z",1773052693
"0x2d8b401d2f0e6937afebf18e19e11ca568a5260a","5157617256799417307095558890354325166393773113316958926302683738310778440345","0x5d103dfa84daa59eafe57cfd333f056f2c7eb18f0c7b89ecb456144d2a0f2352",0.354991,6724.698757,4337.49122,1.0,"Bitcoin Up or Down - March 9, 6:30AM-6:35AM ET",btc-updown-5m-1773052200,https://polymarket-upload.s3.us-east-2.amazonaws.com/BTC+fullsize.png,btc-updown-5m-1773052200,Up,0,Down,"99837060769079974320775949117399435391211687847632787952220721907911117109144","2026-03-09T00:00:00Z",1773052693
"0x2d8b401d2f0e6937afebf18e19e11ca568a5260a","68942417100036099080755724638559357348580122238436100853225188107177050375295","0x22b6e09cbda7196335e3bc890f5652f839bf742ed4b2e97247fdab939b87a506",0.550295,4825.153297,-2655.257733,0.0,"Bitcoin Up or Down - March 9, 6:25AM-6:30AM ET",btc-updown-5m-1773051900,https://polymarket-upload.s3.us-east-2.amazonaws.com/BTC+fullsize.png,btc-updown-5m-1773051900,Up,0,Down,"113739947806139392258095371374493539829139687810002343562451750403279149329589","2026-03-09T00:00:00Z",1773052495
"0x2d8b401d2f0e6937afebf18e19e11ca568a5260a","113739947806139392258095371374493539829139687810002343562451750403279149329589","0x22b6e09cbda7196335e3bc890f5652f839bf742ed4b2e97247fdab939b87a506",0.411392,4747.200944,2794.240453,1.0,"Bitcoin Up or Down - March 9, 6:25AM-6:30AM ET",btc-updown-5m-1773051900,https://polymarket-upload.s3.us-east-2.amazonaws.com/BTC+fullsize.png,btc-updown-5m-1773051900,Down,1,Up,"68942417100036099080755724638559357348580122238436100853225188107177050375295","2026-03-09T00:00:00Z",1773052495
"0x2d8b401d2f0e6937afebf18e19e11ca568a5260a","13116626914537318426811289971555596646446556454992893526850088835525384302897","0x27b4f99f5e1a24f81313334a1c35287fa8719f0affb6ae6ed5c0c599c95209e3",0.675817,5643.239684999999,1829.44237,1.0,"Bitcoin Up or Down - March 9, 6:20AM-6:25AM ET",btc-updown-5m-1773051600,https://polymarket-upload.s3.us-east-2.amazonaws.com/BTC+fullsize.png,btc-updown-5m-1773051600,Up,0,Down,"106278484181383883299601661757247299551127294030784070488899861224146479920964","2026-03-09T00:00:00Z",1773052093
"0x2d8b401d2f0e6937afebf18e19e11ca568a5260a","106278484181383883299601661757247299551127294030784070488899861224146479920964","0x27b4f99f5e1a24f81313334a1c35287fa8719f0affb6ae6ed5c0c599c95209e3",0.309946,5124.246005,-1588.239552,0.0,"Bitcoin Up or Down - March 9, 6:20AM-6:25AM ET",btc-updown-5m-1773051600,https://polymarket-upload.s3.us-east-2.amazonaws.com/BTC+fullsize.png,btc-updown-5m-1773051600,Down,1,Up,"13116626914537318426811289971555596646446556454992893526850088835525384302897","2026-03-09T00:00:00Z",1773052093
"0x2d8b401d2f0e6937afebf18e19e11ca568a5260a","43585149297820064433815577920077017854560435235884889414108173219855256676938","0x4ba3d4d5fcf00fdfc4436e98d9a51cb7eef0cf4ebb7a05f135e0b9272188257f",0.293241,3211.732008,-941.811505,0.0,"Bitcoin Up or Down - March 9, 6:15AM-6:20AM ET",btc-updown-5m-1773051300,https://polymarket-upload.s3.us-east-2.amazonaws.com/BTC+fullsize.png,btc-updown-5m-1773051300,Up,0,Down,"108057865466448879878968774458242124942043200904651180490997365660053054649825","2026-03-09T00:00:00Z",1773051793
"0x2d8b401d2f0e6937afebf18e19e11ca568a5260a","108057865466448879878968774458242124942043200904651180490997365660053054649825","0x4ba3d4d5fcf00fdfc4436e98d9a51cb7eef0cf4ebb7a05f135e0b9272188257f",0.692289,3705.304689,1140.163011,1.0,"Bitcoin Up or Down - March 9, 6:15AM-6:20AM ET",btc-updown-5m-1773051300,https://polymarket-upload.s3.us-east-2.amazonaws.com/BTC+fullsize.png,btc-updown-5m-1773051300,Down,1,Up,"43585149297820064433815577920077017854560435235884889414108173219855256676938","2026-03-09T00:00:00Z",1773051793
"0x2d8b401d2f0e6937afebf18e19e11ca568a5260a","91041780623698654975804840092208876584992464653938447219860855036221724066571","0x5ddd664c504884892d6f9c68e48faef99e0943ea2dd3acb14e81362b68758621",0.689072,2643.374575,821.899169,1.0,"Bitcoin Up or Down - March 9, 6:10AM-6:15AM ET",btc-updown-5m-1773051000,https://polymarket-upload.s3.us-east-2.amazonaws.com/BTC+fullsize.png,btc-updown-5m-1773051000,Down,1,Up,"21837289655099445896865920951775508478373932044147596334058354420774633709531","2026-03-09T00:00:00Z",1773051593
"0x2d8b401d2f0e6937afebf18e19e11ca568a5260a","21837289655099445896865920951775508478373932044147596334058354420774633709531","0x5ddd664c504884892d6f9c68e48faef99e0943ea2dd3acb14e81362b68758621",0.283941,2492.165724,-707.628027,0.0,"Bitcoin Up or Down - March 9, 6:10AM-6:15AM ET",btc-updown-5m-1773051000,https://polymarket-upload.s3.us-east-2.amazonaws.com/BTC+fullsize.png,btc-updown-5m-1773051000,Up,0,Down,"91041780623698654975804840092208876584992464653938447219860855036221724066571","2026-03-09T00:00:00Z",1773051593
"0x2d8b401d2f0e6937afebf18e19e11ca568a5260a","89260614693190291975985919115716073404049109827269317815367739772504202183477","0xdcb5a2d9560a03ec784fbb0f7e9e781c471d9eef9173a0a28e897dc2c5f87f89",0.51171,5877.327994000001,2869.840486,1.0,"Bitcoin Up or Down - March 9, 6:05AM-6:10AM ET",btc-updown-5m-1773050700,https://polymarket-upload.s3.us-east-2.amazonaws.com/BTC+fullsize.png,btc-updown-5m-1773050700,Down,1,Up,"51481576224675647803860561905962163094634913763866108558324538740040936176503","2026-03-09T00:00:00Z",1773051293
"0x2d8b401d2f0e6937afebf18e19e11ca568a5260a","51481576224675647803860561905962163094634913763866108558324538740040936176503","0xdcb5a2d9560a03ec784fbb0f7e9e781c471d9eef9173a0a28e897dc2c5f87f89",0.487406,5855.722893,-2854.114472,0.0,"Bitcoin Up or Down - March 9, 6:05AM-6:10AM ET",btc-updown-5m-1773050700,https://polymarket-upload.s3.us-east-2.amazonaws.com/BTC+fullsize.png,btc-updown-5m-1773050700,Up,0,Down,"89260614693190291975985919115716073404049109827269317815367739772504202183477","2026-03-09T00:00:00Z",1773051293
"0x2d8b401d2f0e6937afebf18e19e11ca568a5260a","89255814246649319107604930027746195339820344747451594698345340427534613455313","0xbf00a6481f622b86dff31e5c0d35124d2a6cb331aa527c21928d32b92ff44574",0.407313,7375.04787,-3003.952873,0.0,"Bitcoin Up or Down - March 9, 6:00AM-6:05AM ET",btc-updown-5m-1773050400,https://polymarket-upload.s3.us-east-2.amazonaws.com/BTC+fullsize.png,btc-updown-5m-1773050400,Down,1,Up,"14550176755897956913252488833554294357519740021491747170975541128787275874427","2026-03-09T00:00:00Z",1773050993
"0x2d8b401d2f0e6937afebf18e19e11ca568a5260a","14550176755897956913252488833554294357519740021491747170975541128787275874427","0xbf00a6481f622b86dff31e5c0d35124d2a6cb331aa527c21928d32b92ff44574",0.558831,7604.052365,3354.672177,1.0,"Bitcoin Up or Down - March 9, 6:00AM-6:05AM ET",btc-updown-5m-1773050400,https://polymarket-upload.s3.us-east-2.amazonaws.com/BTC+fullsize.png,btc-updown-5m-1773050400,Up,0,Down,"89255814246649319107604930027746195339820344747451594698345340427534613455313","2026-03-09T00:00:00Z",1773050993
"0x2d8b401d2f0e6937afebf18e19e11ca568a5260a","65656795276322910199019001601229724804605500533786373404022256544201480705080","0xbfcda397b33317595f85d6e56f40aefec83fc1b480a7b68224add550f0348f62",0.6619830000000001,3363.380518,1136.879792,1.0,"Bitcoin Up or Down - March 9, 5:55AM-6:00AM ET",btc-updown-5m-1773050100,https://polymarket-upload.s3.us-east-2.amazonaws.com/BTC+fullsize.png,btc-updown-5m-1773050100,Down,1,Up,"28582070170633171438911180316338092732370783381357707530252509711267421305846","2026-03-09T00:00:00Z",1773050693
"0x2d8b401d2f0e6937afebf18e19e11ca568a5260a","28582070170633171438911180316338092732370783381357707530252509711267421305846","0xbfcda397b33317595f85d6e56f40aefec83fc1b480a7b68224add550f0348f62",0.353548,3149.691818,-1113.567242,0.0,"Bitcoin Up or Down - March 9, 5:55AM-6:00AM ET",btc-updown-5m-1773050100,https://polymarket-upload.s3.us-east-2.amazonaws.com/BTC+fullsize.png,btc-updown-5m-1773050100,Up,0,Down,"65656795276322910199019001601229724804605500533786373404022256544201480705080","2026-03-09T00:00:00Z",1773050693
"0x2d8b401d2f0e6937afebf18e19e11ca568a5260a","69184596998953278098460064831201029519487959779731152286945385703102661442298","0xc5e00912e0630a6ecd53ccf922647f108af389304c44312467badfaa43d59717",0.698971,4581.492251,1379.16203,1.0,"Bitcoin Up or Down - March 9, 5:50AM-5:55AM ET",btc-updown-5m-1773049800,https://polymarket-upload.s3.us-east-2.amazonaws.com/BTC+fullsize.png,btc-updown-5m-1773049800,Down,1,Up,"53261553373075736476579111086744020293471348359745940732796290259222566868326","2026-03-09T00:00:00Z",1773050293
"0x2d8b401d2f0e6937afebf18e19e11ca568a5260a","53261553373075736476579111086744020293471348359745940732796290259222566868326","0xc5e00912e0630a6ecd53ccf922647f108af389304c44312467badfaa43d59717",0.265854,4744.578371,-1261.365138,0.0,"Bitcoin Up or Down - March 9, 5:50AM-5:55AM ET",btc-updown-5m-1773049800,https://polymarket-upload.s3.us-east-2.amazonaws.com/BTC+fullsize.png,btc-updown-5m-1773049800,Up,0,Down,"69184596998953278098460064831201029519487959779731152286945385703102661442298","2026-03-09T00:00:00Z",1773050293
"0x2d8b401d2f0e6937afebf18e19e11ca568a5260a","68489233935231263804017529853403825912853543978782756038828511167287256224716","0xfa609eda2c71549507c481d80720c3eabfb71dd7afd55980e3cc874e3cac904b",0.496467,2467.160165,1242.296559,1.0,"Bitcoin Up or Down - March 9, 5:45AM-5:50AM ET",btc-updown-5m-1773049500,https://polymarket-upload.s3.us-east-2.amazonaws.com/BTC+fullsize.png,btc-updown-5m-1773049500,Down,1,Up,"34130235646428412656071181488331429419456487768762304358298512790745937076031","2026-03-09T00:00:00Z",1773050093
"0x2d8b401d2f0e6937afebf18e19e11ca568a5260a","34130235646428412656071181488331429419456487768762304358298512790745937076031","0xfa609eda2c71549507c481d80720c3eabfb71dd7afd55980e3cc874e3cac904b",0.42826,3162.1142680000003,-1354.2070560000002,0.0,"Bitcoin Up or Down - March 9, 5:45AM-5:50AM ET",btc-updown-5m-1773049500,https://polymarket-upload.s3.us-east-2.amazonaws.com/BTC+fullsize.png,btc-updown-5m-1773049500,Up,0,Down,"68489233935231263804017529853403825912853543978782756038828511167287256224716","2026-03-09T00:00:00Z",1773050093
"0x2d8b401d2f0e6937afebf18e19e11ca568a5260a","67489259386132648738424855898268733937880691551148640308710374508260371712368","0x41d6ab74e9891474f8169e22f722ee5a9a764e8787dd275b1544bb80e08fa37a",0.474298,2432.180563,1278.6021859999998,1.0,"Bitcoin Up or Down - March 9, 5:40AM-5:45AM ET",btc-updown-5m-1773049200,https://polymarket-upload.s3.us-east-2.amazonaws.com/BTC+fullsize.png,btc-updown-5m-1773049200,Up,0,Down,"50998120387855354630770694046859460022381196663100342989958006469299915858942","2026-03-09T00:00:00Z",1773049693
"0x2d8b401d2f0e6937afebf18e19e11ca568a5260a","50998120387855354630770694046859460022381196663100342989958006469299915858942","0x41d6ab74e9891474f8169e22f722ee5a9a764e8787dd275b1544bb80e08fa37a",0.422786,3117.32747,-1317.962411,0.0,"Bitcoin Up or Down - March 9, 5:40AM-5:45AM ET",btc-updown-5m-1773049200,https://polymarket-upload.s3.us-east-2.amazonaws.com/BTC+fullsize.png,btc-updown-5m-1773049200,Down,1,Up,"67489259386132648738424855898268733937880691551148640308710374508260371712368","2026-03-09T00:00:00Z",1773049693
"0x2d8b401d2f0e6937afebf18e19e11ca568a5260a","18018483587661229406689556348539169360551527298910646257615260028874179775499","0x76d0fa5dcf0b67b1a8aae65bbfbd4a8a17222f9f58b07f47650110917096de72",0.672281,3360.935804,1101.44252,1.0,"Bitcoin Up or Down - March 9, 5:35AM-5:40AM ET",btc-updown-5m-1773048900,https://polymarket-upload.s3.us-east-2.amazonaws.com/BTC+fullsize.png,btc-updown-5m-1773048900,Up,0,Down,"114670249495911815821485046555137078641897464306943165597484336061151978560969","2026-03-09T00:00:00Z",1773049493
"0x2d8b401d2f0e6937afebf18e19e11ca568a5260a","114670249495911815821485046555137078641897464306943165597484336061151978560969","0x76d0fa5dcf0b67b1a8aae65bbfbd4a8a17222f9f58b07f47650110917096de72",0.227326,4117.752159,-936.072127,0.0,"Bitcoin Up or Down - March 9, 5:35AM-5:40AM ET",btc-updown-5m-1773048900,https://polymarket-upload.s3.us-east-2.amazonaws.com/BTC+fullsize.png,btc-updown-5m-1773048900,Down,1,Up,"18018483587661229406689556348539169360551527298910646257615260028874179775499","2026-03-09T00:00:00Z",1773049493
"0x2d8b401d2f0e6937afebf18e19e11ca568a5260a","97164801453393309526084500509858072765697524660308137385307333831002194037980","0x6be4bed4331dc2a203c560d5c6fca20ea91d128b823b570a0a0a6795c695b601",0.4005250000000001,5963.852122,-2388.671871,0.0,"Bitcoin Up or Down - March 9, 5:30AM-5:35AM ET",btc-updown-5m-1773048600,https://polymarket-upload.s3.us-east-2.amazonaws.com/BTC+fullsize.png,btc-updown-5m-1773048600,Down,1,Up,"31477648859233500283295859537886845515136443559997075902743360145445176558465","2026-03-09T00:00:00Z",1773049093
"0x2d8b401d2f0e6937afebf18e19e11ca568a5260a","31477648859233500283295859537886845515136443559997075902743360145445176558465","0x6be4bed4331dc2a203c560d5c6fca20ea91d128b823b570a0a0a6795c695b601",0.529996,5587.75317,2626.2663400000006,1.0,"Bitcoin Up or Down - March 9, 5:30AM-5:35AM ET",btc-updown-5m-1773048600,https://polymarket-upload.s3.us-east-2.amazonaws.com/BTC+fullsize.png,btc-updown-5m-1773048600,Up,0,Down,"97164801453393309526084500509858072765697524660308137385307333831002194037980","2026-03-09T00:00:00Z",1773049093
"0x2d8b401d2f0e6937afebf18e19e11ca568a5260a","60772123446965315008123563927543164985067698472975378642302601871592610095058","0x104a57a1c2c63a1e339130f2f2fca44439f7b1169bb22d6f90bc2232d7e31387",0.377141,4817.965405,-1817.05229,0.0,"Bitcoin Up or Down - March 9, 5:25AM-5:30AM ET",btc-updown-5m-1773048300,https://polymarket-upload.s3.us-east-2.amazonaws.com/BTC+fullsize.png,btc-updown-5m-1773048300,Down,1,Up,"105388346268319657542395231521541226861661189436675144757681092843516883365744","2026-03-09T00:00:00Z",1773048793
"0x2d8b401d2f0e6937afebf18e19e11ca568a5260a","105388346268319657542395231521541226861661189436675144757681092843516883365744","0x104a57a1c2c63a1e339130f2f2fca44439f7b1169bb22d6f90bc2232d7e31387",0.624152,4021.1908149999995,1511.356525,1.0,"Bitcoin Up or Down - March 9, 5:25AM-5:30AM ET",btc-updown-5m-1773048300,https://polymarket-upload.s3.us-east-2.amazonaws.com/BTC+fullsize.png,btc-updown-5m-1773048300,Up,0,Down,"60772123446965315008123563927543164985067698472975378642302601871592610095058","2026-03-09T00:00:00Z",1773048793
"0x2d8b401d2f0e6937afebf18e19e11ca568a5260a","94532998433793360205658224531146875526004435148933409449052036184302725802494","0x7d678cae47e1b9a771c0248fd81bdf99aa3516c7a22202800818203233eaff1e",0.775944,1305.409838,292.484906,1.0,"Bitcoin Up or Down - March 9, 5:20AM-5:25AM ET",btc-updown-5m-1773048000,https://polymarket-upload.s3.us-east-2.amazonaws.com/BTC+fullsize.png,btc-updown-5m-1773048000,Up,0,Down,"80291530272846150853500756478622284208088681137155052428771353010447473965965","2026-03-09T00:00:00Z",1773048491
"0x2d8b401d2f0e6937afebf18e19e11ca568a5260a","80291530272846150853500756478622284208088681137155052428771353010447473965965","0x7d678cae47e1b9a771c0248fd81bdf99aa3516c7a22202800818203233eaff1e",0.235671,1866.367773,-439.848759,0.0,"Bitcoin Up or Down - March 9, 5:20AM-5:25AM ET",btc-updown-5m-1773048000,https://polymarket-upload.s3.us-east-2.amazonaws.com/BTC+fullsize.png,btc-updown-5m-1773048000,Down,1,Up,"94532998433793360205658224531146875526004435148933409449052036184302725802494","2026-03-09T00:00:00Z",1773048491
"0x2d8b401d2f0e6937afebf18e19e11ca568a5260a","93915499450833345218518770869377959946027185571590841554271757232080701324437","0x29361a7cb7e570994a2840213903c80f2a568fa8dd9e9c3e4b9289dda786a59f",0.309221,6955.256552,4804.545165,1.0,"Bitcoin Up or Down - March 9, 5:15AM-5:20AM ET",btc-updown-5m-1773047700,https://polymarket-upload.s3.us-east-2.amazonaws.com/BTC+fullsize.png,btc-updown-5m-1773047700,Down,1,Up,"51655796705009544084851331791260351228911607308204625736153949758232129302894","2026-03-09T00:00:00Z",1773048291
"0x2d8b401d2f0e6937afebf18e19e11ca568a5260a","51655796705009544084851331791260351228911607308204625736153949758232129302894","0x29361a7cb7e570994a2840213903c80f2a568fa8dd9e9c3e4b9289dda786a59f",0.619682,6298.252926,-3902.913969,0.0,"Bitcoin Up or Down - March 9, 5:15AM-5:20AM ET",btc-updown-5m-1773047700,https://polymarket-upload.s3.us-east-2.amazonaws.com/BTC+fullsize.png,btc-updown-5m-1773047700,Up,0,Down,"93915499450833345218518770869377959946027185571590841554271757232080701324437","2026-03-09T00:00:00Z",1773048291
"0x2d8b401d2f0e6937afebf18e19e11ca568a5260a","50934870332578432087690260029732579948458663385039349484341713350516793396490","0x95d641cc60c12350ce0b3a5d8335b7a45848cc94670d3fb0261093768addac53",0.53148,2959.4648769999994,1386.568484,1.0,"Bitcoin Up or Down - March 9, 5:10AM-5:15AM ET",btc-updown-5m-1773047400,https://polymarket-upload.s3.us-east-2.amazonaws.com/BTC+fullsize.png,btc-updown-5m-1773047400,Up,0,Down,"10949728088022000724178913935587919465831828629686389039421412423428361715908","2026-03-09T00:00:00Z",1773047891
"0x2d8b401d2f0e6937afebf18e19e11ca568a5260a","10949728088022000724178913935587919465831828629686389039421412423428361715908","0x95d641cc60c12350ce0b3a5d8335b7a45848cc94670d3fb0261093768addac53",0.453023,3629.057002,-1644.04629,0.0,"Bitcoin Up or Down - March 9, 5:10AM-5:15AM ET",btc-updown-5m-1773047400,https://polymarket-upload.s3.us-east-2.amazonaws.com/BTC+fullsize.png,btc-updown-5m-1773047400,Down,1,Up,"50934870332578432087690260029732579948458663385039349484341713350516793396490","2026-03-09T00:00:00Z",1773047891
"0x2d8b401d2f0e6937afebf18e19e11ca568a5260a","51888434110464939224031212038254863009995217498595964858880763934528046821930","0xfbacd7d9d835f4da452428560e5545ef9e31f082dd88eac937fe42b556a0d95f",0.797314,2613.725615,529.76559,1.0,"Bitcoin Up or Down - March 9, 5:05AM-5:10AM ET",btc-updown-5m-1773047100,https://polymarket-upload.s3.us-east-2.amazonaws.com/BTC+fullsize.png,btc-updown-5m-1773047100,Down,1,Up,"103063567286164323161200418726294895259852808633391577345798086278021961262952","2026-03-09T00:00:00Z",1773047591
"0x2d8b401d2f0e6937afebf18e19e11ca568a5260a","103063567286164323161200418726294895259852808633391577345798086278021961262952","0xfbacd7d9d835f4da452428560e5545ef9e31f082dd88eac937fe42b556a0d95f",0.211892,2893.432281,-613.095152,0.0,"Bitcoin Up or Down - March 9, 5:05AM-5:10AM ET",btc-updown-5m-1773047100,https://polymarket-upload.s3.us-east-2.amazonaws.com/BTC+fullsize.png,btc-updown-5m-1773047100,Up,0,Down,"51888434110464939224031212038254863009995217498595964858880763934528046821930","2026-03-09T00:00:00Z",1773047591
"0x2d8b401d2f0e6937afebf18e19e11ca568a5260a","66073306182297722842979877146186461801414896185931252195261206627871622718725","0x12cdce7859555640810bbe867804f964ae89fec9781123889443fb40592855c0",0.416642,1860.850468,1085.542007,1.0,"Bitcoin Up or Down - March 9, 5:00AM-5:05AM ET",btc-updown-5m-1773046800,https://polymarket-upload.s3.us-east-2.amazonaws.com/BTC+fullsize.png,btc-updown-5m-1773046800,Down,1,Up,"15176678872569418944908580953314970799473410156198601830386602938011044286783","2026-03-09T00:00:00Z",1773047291
"0x2d8b401d2f0e6937afebf18e19e11ca568a5260a","15176678872569418944908580953314970799473410156198601830386602938011044286783","0x12cdce7859555640810bbe867804f964ae89fec9781123889443fb40592855c0",0.548624,1205.790332,-661.525515,0.0,"Bitcoin Up or Down - March 9, 5:00AM-5:05AM ET",btc-updown-5m-1773046800,https://polymarket-upload.s3.us-east-2.amazonaws.com/BTC+fullsize.png,btc-updown-5m-1773046800,Up,0,Down,"66073306182297722842979877146186461801414896185931252195261206627871622718725","2026-03-09T00:00:00Z",1773047291
"0x2d8b401d2f0e6937afebf18e19e11ca568a5260a","83758125919743208227790740177155478279033002616039338252695076266714997800707","0x37a6f4b5794ce65a76d109c23de07a549524284a30dba1db9f3e0a2cbc56c574",0.606462,2107.740556,829.476002,1.0,"Bitcoin Up or Down - March 9, 4:55AM-5:00AM ET",btc-updown-5m-1773046500,https://polymarket-upload.s3.us-east-2.amazonaws.com/BTC+fullsize.png,btc-updown-5m-1773046500,Down,1,Up,"70761565383389304982116780862958128736983893476645497170425648086414276688669","2026-03-09T00:00:00Z",1773046991
"0x2d8b401d2f0e6937afebf18e19e11ca568a5260a","70761565383389304982116780862958128736983893476645497170425648086414276688669","0x37a6f4b5794ce65a76d109c23de07a549524284a30dba1db9f3e0a2cbc56c574",0.331238,2780.689981,-921.070187,0.0,"Bitcoin Up or Down - March 9, 4:55AM-5:00AM ET",btc-updown-5m-1773046500,https://polymarket-upload.s3.us-east-2.amazonaws.com/BTC+fullsize.png,btc-updown-5m-1773046500,Up,0,Down,"83758125919743208227790740177155478279033002616039338252695076266714997800707","2026-03-09T00:00:00Z",1773046991
"0x2d8b401d2f0e6937afebf18e19e11ca568a5260a","842535526441368618527466032846436364171093923501132040054859412524011106999","0x069b207dbbe578440b28cc9059f87a148b261f355769c1d77cc299714e079203",0.689193,756.933808,235.260326,1.0,"Bitcoin Up or Down - March 9, 4:50AM-4:55AM ET",btc-updown-5m-1773046200,https://polymarket-upload.s3.us-east-2.amazonaws.com/BTC+fullsize.png,btc-updown-5m-1773046200,Up,0,Down,"100872915334870563352984012167798023816555753796989166349829163342882951203221","2026-03-09T00:00:00Z",1773046691
"0x2d8b401d2f0e6937afebf18e19e11ca568a5260a","100872915334870563352984012167798023816555753796989166349829163342882951203221","0x069b207dbbe578440b28cc9059f87a148b261f355769c1d77cc299714e079203",0.237579,1507.8265739999997,-358.227929,0.0,"Bitcoin Up or Down - March 9, 4:50AM-4:55AM ET",btc-updown-5m-1773046200,https://polymarket-upload.s3.us-east-2.amazonaws.com/BTC+fullsize.png,btc-updown-5m-1773046200,Down,1,Up,"842535526441368618527466032846436364171093923501132040054859412524011106999","2026-03-09T00:00:00Z",1773046691
"0x2d8b401d2f0e6937afebf18e19e11ca568a5260a","97970745765891147583037570852124103688276664618571067478875376387948344884216","0xb619490d6e3dad912da32be43a893fae084fd4c8e65a069a9feb11ccb51b7f31",0.595177,887.286374,359.193931,1.0,"Bitcoin Up or Down - March 9, 4:45AM-4:50AM ET",btc-updown-5m-1773045900,https://polymarket-upload.s3.us-east-2.amazonaws.com/BTC+fullsize.png,btc-updown-5m-1773045900,Down,1,Up,"49308518289883234435292190191223173586654432722120832996296713313903341282574","2026-03-09T00:00:00Z",1773046489
"0x2d8b401d2f0e6937afebf18e19e11ca568a5260a","49308518289883234435292190191223173586654432722120832996296713313903341282574","0xb619490d6e3dad912da32be43a893fae084fd4c8e65a069a9feb11ccb51b7f31",0.391978,1599.759013,-627.0703379999999,0.0,"Bitcoin Up or Down - March 9, 4:45AM-4:50AM ET",btc-updown-5m-1773045900,https://polymarket-upload.s3.us-east-2.amazonaws.com/BTC+fullsize.png,btc-updown-5m-1773045900,Up,0,Down,"97970745765891147583037570852124103688276664618571067478875376387948344884216","2026-03-09T00:00:00Z",1773046489
"0x2d8b401d2f0e6937afebf18e19e11ca568a5260a","64259868184011387722095686339607415259691451168224112811467862493110042598764","0x5e46869217d4ba8ced373b023574a572b9a1749b1831b600ffd4d0f0a5659232",0.404731,1572.308366,935.946428,1.0,"Bitcoin Up or Down - March 9, 4:40AM-4:45AM ET",btc-updown-5m-1773045600,https://polymarket-upload.s3.us-east-2.amazonaws.com/BTC+fullsize.png,btc-updown-5m-1773045600,Up,0,Down,"105005245678288388437902352024259161688758652031714180619903206728974838086969","2026-03-09T00:00:00Z",1773046189
"0x2d8b401d2f0e6937afebf18e19e11ca568a5260a","105005245678288388437902352024259161688758652031714180619903206728974838086969","0x5e46869217d4ba8ced373b023574a572b9a1749b1831b600ffd4d0f0a5659232",0.562505,2279.608496,-1282.2911770000003,0.0,"Bitcoin Up or Down - March 9, 4:40AM-4:45AM ET",btc-updown-5m-1773045600,https://polymarket-upload.s3.us-east-2.amazonaws.com/BTC+fullsize.png,btc-updown-5m-1773045600,Down,1,Up,"64259868184011387722095686339607415259691451168224112811467862493110042598764","2026-03-09T00:00:00Z",1773046189
"0x2d8b401d2f0e6937afebf18e19e11ca568a5260a","34486608867968455594618293153311622528657131184702797118234130730872091076506","0x0d934892e4af4cbc65aaada1a92f351d69da9ff1534b931e40810cb2cd087e1f",0.372692,4098.25473,-1527.386751,0.0,"Bitcoin Up or Down - March 9, 4:35AM-4:40AM ET",btc-updown-5m-1773045300,https://polymarket-upload.s3.us-east-2.amazonaws.com/BTC+fullsize.png,btc-updown-5m-1773045300,Up,0,Down,"103275518546158155114283932946600730130104589456977751718486808664171791706538","2026-03-09T00:00:00Z",1773045789
"0x2d8b401d2f0e6937afebf18e19e11ca568a5260a","103275518546158155114283932946600730130104589456977751718486808664171791706538","0x0d934892e4af4cbc65aaada1a92f351d69da9ff1534b931e40810cb2cd087e1f",0.592524,4331.896237,1765.143751,1.0,"Bitcoin Up or Down - March 9, 4:35AM-4:40AM ET",btc-updown-5m-1773045300,https://polymarket-upload.s3.us-east-2.amazonaws.com/BTC+fullsize.png,btc-updown-5m-1773045300,Down,1,Up,"34486608867968455594618293153311622528657131184702797118234130730872091076506","2026-03-09T00:00:00Z",1773045789
"0x2d8b401d2f0e6937afebf18e19e11ca568a5260a","22072795937060437469078594622127234373417054584857550692323903700278635508589","0x60d4a9979018fd878db55345783c66192b26b95e6373a9d5308c3fc31932d298",0.579381,3026.3250110000004,-1753.395211,0.0,"Bitcoin Up or Down - March 9, 4:30AM-4:35AM ET",btc-updown-5m-1773045000,https://polymarket-upload.s3.us-east-2.amazonaws.com/BTC+fullsize.png,btc-updown-5m-1773045000,Down,1,Up,"16879719296775173761722219465484377510937463219703367050066357372813574825462","2026-03-09T00:00:00Z",1773045591
"0x2d8b401d2f0e6937afebf18e19e11ca568a5260a","16879719296775173761722219465484377510937463219703367050066357372813574825462","0x60d4a9979018fd878db55345783c66192b26b95e6373a9d5308c3fc31932d298",0.398527,3009.723634,1810.267503,1.0,"Bitcoin Up or Down - March 9, 4:30AM-4:35AM ET",btc-updown-5m-1773045000,https://polymarket-upload.s3.us-east-2.amazonaws.com/BTC+fullsize.png,btc-updown-5m-1773045000,Up,0,Down,"22072795937060437469078594622127234373417054584857550692323903700278635508589","2026-03-09T00:00:00Z",1773045591
"0x2d8b401d2f0e6937afebf18e19e11ca568a5260a","96802264167960935537865233094366725701095776098568592550509660423994951812452","0xe589e3cf15b92d92029b9128d68c48f370ac891e7355a78dc171020874edb1c4",0.670957,4035.860272,1327.971571,1.0,"Bitcoin Up or Down - March 9, 4:25AM-4:30AM ET",btc-updown-5m-1773044700,https://polymarket-upload.s3.us-east-2.amazonaws.com/BTC+fullsize.png,btc-updown-5m-1773044700,Up,0,Down,"78504089109672317373822951475868977963689028318960038066954989341761152736193","2026-03-09T00:00:00Z",1773045189
"0x2d8b401d2f0e6937afebf18e19e11ca568a5260a","78504089109672317373822951475868977963689028318960038066954989341761152736193","0xe589e3cf15b92d92029b9128d68c48f370ac891e7355a78dc171020874edb1c4",0.265659,4659.226317,-1237.765404,0.0,"Bitcoin Up or Down - March 9, 4:25AM-4:30AM ET",btc-updown-5m-1773044700,https://polymarket-upload.s3.us-east-2.amazonaws.com/BTC+fullsize.png,btc-updown-5m-1773044700,Down,1,Up,"96802264167960935537865233094366725701095776098568592550509660423994951812452","2026-03-09T00:00:00Z",1773045189
"0x2d8b401d2f0e6937afebf18e19e11ca568a5260a","65003372643821558148845313707497023581269240372465850420668333290107192469016","0xa2341ee4fa2b441f2452818727bd06445b0a627500fb06dfb092b87112d94e5b",0.584171,528.767896,219.877025,1.0,"Bitcoin Up or Down - March 9, 4:20AM-4:25AM ET",btc-updown-5m-1773044400,https://polymarket-upload.s3.us-east-2.amazonaws.com/BTC+fullsize.png,btc-updown-5m-1773044400,Up,0,Down,"5585229664608900201643456220191669728315251321947402881222627881124865969894","2026-03-09T00:00:00Z",1773044889
"0x2d8b401d2f0e6937afebf18e19e11ca568a5260a","5585229664608900201643456220191669728315251321947402881222627881124865969894","0xa2341ee4fa2b441f2452818727bd06445b0a627500fb06dfb092b87112d94e5b",0.403738,1240.483923,-500.830498,0.0,"Bitcoin Up or Down - March 9, 4:20AM-4:25AM ET",btc-updown-5m-1773044400,https://polymarket-upload.s3.us-east-2.amazonaws.com/BTC+fullsize.png,btc-updown-5m-1773044400,Down,1,Up,"65003372643821558148845313707497023581269240372465850420668333290107192469016","2026-03-09T00:00:00Z",1773044889
"0x2d8b401d2f0e6937afebf18e19e11ca568a5260a","8330146674719946805449175920065693073212771154606408778747319728904207678973","0x85ceb1298c4da0435b65cc3e885779e1558348218583851e9dba8d33552e0217",0.241338,5572.625116,-1344.8862,0.0,"Bitcoin Up or Down - March 9, 4:15AM-4:20AM ET",btc-updown-5m-1773044100,https://polymarket-upload.s3.us-east-2.amazonaws.com/BTC+fullsize.png,btc-updown-5m-1773044100,Up,0,Down,"12006916783168119379777100784272425606665016119483616077386303840107542541779","2026-03-09T00:00:00Z",1773044589
"0x2d8b401d2f0e6937afebf18e19e11ca568a5260a","12006916783168119379777100784272425606665016119483616077386303840107542541779","0x85ceb1298c4da0435b65cc3e885779e1558348218583851e9dba8d33552e0217",0.7111089999999999,5615.435451,1622.248762,1.0,"Bitcoin Up or Down - March 9, 4:15AM-4:20AM ET",btc-updown-5m-1773044100,https://polymarket-upload.s3.us-east-2.amazonaws.com/BTC+fullsize.png,btc-updown-5m-1773044100,Down,1,Up,"8330146674719946805449175920065693073212771154606408778747319728904207678973","2026-03-09T00:00:00Z",1773044589
"0x2d8b401d2f0e6937afebf18e19e11ca568a5260a","9684649360008379064950667822024604258873026532430383257922373322797068423040","0xcdcf920a50e0dd29e592a182b737621c87f4188120a7d440507b4eae5e3b8297",0.686881,4977.589443,1558.577828,1.0,"Bitcoin Up or Down - March 9, 4:10AM-4:15AM ET",btc-updown-5m-1773043800,https://polymarket-upload.s3.us-east-2.amazonaws.com/BTC+fullsize.png,btc-updown-5m-1773043800,Down,1,Up,"78534860074651414507518884537469395765576549479412469569820303784617731077013","2026-03-09T00:00:00Z",1773044389
"0x2d8b401d2f0e6937afebf18e19e11ca568a5260a","78534860074651414507518884537469395765576549479412469569820303784617731077013","0xcdcf920a50e0dd29e592a182b737621c87f4188120a7d440507b4eae5e3b8297",0.264617,4606.614773,-1218.988581,0.0,"Bitcoin Up or Down - March 9, 4:10AM-4:15AM ET",btc-updown-5m-1773043800,https://polymarket-upload.s3.us-east-2.amazonaws.com/BTC+fullsize.png,btc-updown-5m-1773043800,Up,0,Down,"9684649360008379064950667822024604258873026532430383257922373322797068423040","2026-03-09T00:00:00Z",1773044389
"0x2d8b401d2f0e6937afebf18e19e11ca568a5260a","44318074905587018665129397834885166365848899877918555100129601070207792401231","0x6811b0dee88f87d23e5edf79532a05d70c2a10db0a3d219242e2dd1c9e2503e0",0.407642,4545.714153,-1853.024008,0.0,"Bitcoin Up or Down - March 9, 4:05AM-4:10AM ET",btc-updown-5m-1773043500,https://polymarket-upload.s3.us-east-2.amazonaws.com/BTC+fullsize.png,btc-updown-5m-1773043500,Down,1,Up,"23848483373610845638024339383009081637208524852815618012292999591852808435342","2026-03-09T00:00:00Z",1773043989
"0x2d8b401d2f0e6937afebf18e19e11ca568a5260a","23848483373610845638024339383009081637208524852815618012292999591852808435342","0x6811b0dee88f87d23e5edf79532a05d70c2a10db0a3d219242e2dd1c9e2503e0",0.533335,3878.854629,1810.125695,1.0,"Bitcoin Up or Down - March 9, 4:05AM-4:10AM ET",btc-updown-5m-1773043500,https://polymarket-upload.s3.us-east-2.amazonaws.com/BTC+fullsize.png,btc-updown-5m-1773043500,Up,0,Down,"44318074905587018665129397834885166365848899877918555100129601070207792401231","2026-03-09T00:00:00Z",1773043989
"0x2d8b401d2f0e6937afebf18e19e11ca568a5260a","86069533668800160153414712667625254528964210497786555274474319923085408797241","0xde824c62bc83455ce3e38f819a5a838e9d532908b8f17fbc25c983fcdfd3ef9d",0.652011,3425.399108,-2233.397897,0.0,"Bitcoin Up or Down - March 9, 4:00AM-4:05AM ET",btc-updown-5m-1773043200,https://polymarket-upload.s3.us-east-2.amazonaws.com/BTC+fullsize.png,btc-updown-5m-1773043200,Up,0,Down,"3099075425894553382495013591169660444081679688630639255004288044672194702403","2026-03-09T00:00:00Z",1773043689
"0x2d8b401d2f0e6937afebf18e19e11ca568a5260a","3099075425894553382495013591169660444081679688630639255004288044672194702403","0xde824c62bc83455ce3e38f819a5a838e9d532908b8f17fbc25c983fcdfd3ef9d",0.35093,4060.941637,2635.835388,1.0,"Bitcoin Up or Down - March 9, 4:00AM-4:05AM ET",btc-updown-5m-1773043200,https://polymarket-upload.s3.us-east-2.amazonaws.com/BTC+fullsize.png,btc-updown-5m-1773043200,Down,1,Up,"86069533668800160153414712667625254528964210497786555274474319923085408797241","2026-03-09T00:00:00Z",1773043689
"0x2d8b401d2f0e6937afebf18e19e11ca568a5260a","80504153018875427034124411940554957620371886680880693403836184063798742019598","0x97cf97ea77acbdb5e5a8184fa68063417a42d839a7cd0dd5ee38c65c5da3937a",0.34671900000000005,2785.837166,-965.902676,0.0,"Bitcoin Up or Down - March 9, 3:55AM-4:00AM ET",btc-updown-5m-1773042900,https://polymarket-upload.s3.us-east-2.amazonaws.com/BTC+fullsize.png,btc-updown-5m-1773042900,Down,1,Up,"29419322905459710453666788805295315002135312775201522502545250954503243001348","2026-03-09T00:00:00Z",1773043489
"0x2d8b401d2f0e6937afebf18e19e11ca568a5260a","29419322905459710453666788805295315002135312775201522502545250954503243001348","0x97cf97ea77acbdb5e5a8184fa68063417a42d839a7cd0dd5ee38c65c5da3937a",0.638198,2141.6762430000003,774.862748,1.0,"Bitcoin Up or Down - March 9, 3:55AM-4:00AM ET",btc-updown-5m-1773042900,https://polymarket-upload.s3.us-east-2.amazonaws.com/BTC+fullsize.png,btc-updown-5m-1773042900,Up,0,Down,"80504153018875427034124411940554957620371886680880693403836184063798742019598","2026-03-09T00:00:00Z",1773043489
"0x2d8b401d2f0e6937afebf18e19e11ca568a5260a","31298781343806582526692086419661113616945967237684423755669595179086400370657","0xb7bf2d3438a56777201606ed2e1191d74ec3a6dd6d70ea97f5b64f4722b5f77d",0.414604,1504.389774,-623.726017,0.0,"Bitcoin Up or Down - March 9, 3:50AM-3:55AM ET",btc-updown-5m-1773042600,https://polymarket-upload.s3.us-east-2.amazonaws.com/BTC+fullsize.png,btc-updown-5m-1773042600,Down,1,Up,"1155656229889344584277996308149905505529400775203331094860040951874633598929","2026-03-09T00:00:00Z",1773043087
"0x2d8b401d2f0e6937afebf18e19e11ca568a5260a","1155656229889344584277996308149905505529400775203331094860040951874633598929","0xb7bf2d3438a56777201606ed2e1191d74ec3a6dd6d70ea97f5b64f4722b5f77d",0.582965,847.585729,353.472914,1.0,"Bitcoin Up or Down - March 9, 3:50AM-3:55AM ET",btc-updown-5m-1773042600,https://polymarket-upload.s3.us-east-2.amazonaws.com/BTC+fullsize.png,btc-updown-5m-1773042600,Up,0,Down,"31298781343806582526692086419661113616945967237684423755669595179086400370657","2026-03-09T00:00:00Z",1773043087
"0x2d8b401d2f0e6937afebf18e19e11ca568a5260a","25608500707446113505539192653149534472811129397551101834713581583353915365896","0xd7580dd63991e14e9bb9f19cd95cfdb00de20e1cfe8f49a90b620e500c37786a",0.554758,1112.355221,495.267263,1.0,"Bitcoin Up or Down - March 9, 3:45AM-3:50AM ET",btc-updown-5m-1773042300,https://polymarket-upload.s3.us-east-2.amazonaws.com/BTC+fullsize.png,btc-updown-5m-1773042300,Up,0,Down,"113222902794911372872426241766167646154533194560673818411043750811865657096512","2026-03-09T00:00:00Z",1773042889
"0x2d8b401d2f0e6937afebf18e19e11ca568a5260a","113222902794911372872426241766167646154533194560673818411043750811865657096512","0xd7580dd63991e14e9bb9f19cd95cfdb00de20e1cfe8f49a90b620e500c37786a",0.413619,1996.766726,-825.900656,0.0,"Bitcoin Up or Down - March 9, 3:45AM-3:50AM ET",btc-updown-5m-1773042300,https://polymarket-upload.s3.us-east-2.amazonaws.com/BTC+fullsize.png,btc-updown-5m-1773042300,Down,1,Up,"25608500707446113505539192653149534472811129397551101834713581583353915365896","2026-03-09T00:00:00Z",1773042889
"0x2d8b401d2f0e6937afebf18e19e11ca568a5260a","57679446210780435401237844072257297722190246366515452184893187361023529048216","0x3c84e891b0c075a63c79fedb9fae3cb78f72d0676f8ac29f12167b7e983002a1",0.585477,1096.172327,454.38864099999995,1.0,"Bitcoin Up or Down - March 9, 3:40AM-3:45AM ET",btc-updown-5m-1773042000,https://polymarket-upload.s3.us-east-2.amazonaws.com/BTC+fullsize.png,btc-updown-5m-1773042000,Up,0,Down,"112256238636220466372150328389107707131783790987879663049642619951091874771949","2026-03-09T00:00:00Z",1773042489
"0x2d8b401d2f0e6937afebf18e19e11ca568a5260a","112256238636220466372150328389107707131783790987879663049642619951091874771949","0x3c84e891b0c075a63c79fedb9fae3cb78f72d0676f8ac29f12167b7e983002a1",0.40242,1798.030634,-723.563487,0.0,"Bitcoin Up or Down - March 9, 3:40AM-3:45AM ET",btc-updown-5m-1773042000,https://polymarket-upload.s3.us-east-2.amazonaws.com/BTC+fullsize.png,btc-updown-5m-1773042000,Down,1,Up,"57679446210780435401237844072257297722190246366515452184893187361023529048216","2026-03-09T00:00:00Z",1773042489
"0x2d8b401d2f0e6937afebf18e19e11ca568a5260a","57084186228607268098493376813684297684702381315989077834189069617848077526604","0xe1aeeec2e05ce52da597ff07e7a0eefe94494d412a02dd989957c90b4c7167f3",0.6722230000000001,3055.759031,1001.607527,1.0,"Bitcoin Up or Down - March 9, 3:35AM-3:40AM ET",btc-updown-5m-1773041700,https://polymarket-upload.s3.us-east-2.amazonaws.com/BTC+fullsize.png,btc-updown-5m-1773041700,Up,0,Down,"12533713761993402662418385016976760890734603738605250484551222020335794057576","2026-03-09T00:00:00Z",1773042187
"0x2d8b401d2f0e6937afebf18e19e11ca568a5260a","12533713761993402662418385016976760890734603738605250484551222020335794057576","0xe1aeeec2e05ce52da597ff07e7a0eefe94494d412a02dd989957c90b4c7167f3",0.259601,3898.503003,-1012.055278,0.0,"Bitcoin Up or Down - March 9, 3:35AM-3:40AM ET",btc-updown-5m-1773041700,https://polymarket-upload.s3.us-east-2.amazonaws.com/BTC+fullsize.png,btc-updown-5m-1773041700,Down,1,Up,"57084186228607268098493376813684297684702381315989077834189069617848077526604","2026-03-09T00:00:00Z",1773042187
"0x2d8b401d2f0e6937afebf18e19e11ca568a5260a","46219342540307308829174170843398409530590379652964080858416527718686102184572","0xeab455ff83dc98395062698a63bdd6589109fedd30c714e1ca6d5c16f6a49e30",0.232574,3162.996011,-735.630634,0.0,"Bitcoin Up or Down - March 9, 3:30AM-3:35AM ET",btc-updown-5m-1773041400,https://polymarket-upload.s3.us-east-2.amazonaws.com/BTC+fullsize.png,btc-updown-5m-1773041400,Down,1,Up,"102249728088166551143353940269134603564384216373125035460082462824914125974109","2026-03-09T00:00:00Z",1773041887
"0x2d8b401d2f0e6937afebf18e19e11ca568a5260a","102249728088166551143353940269134603564384216373125035460082462824914125974109","0xeab455ff83dc98395062698a63bdd6589109fedd30c714e1ca6d5c16f6a49e30",0.7199310000000001,2740.9238,767.647787,1.0,"Bitcoin Up or Down - March 9, 3:30AM-3:35AM ET",btc-updown-5m-1773041400,https://polymarket-upload.s3.us-east-2.amazonaws.com/BTC+fullsize.png,btc-updown-5m-1773041400,Up,0,Down,"46219342540307308829174170843398409530590379652964080858416527718686102184572","2026-03-09T00:00:00Z",1773041887
"0x2d8b401d2f0e6937afebf18e19e11ca568a5260a","60592351735388736491957369707782128821054070775983948166931017949105497449444","0x67240562070c556660e9c34c6d3b3a5d3fa7491e15646ffc2a38e75dadb5fb0a",0.780561,1622.575529,356.056351,1.0,"Bitcoin Up or Down - March 9, 3:25AM-3:30AM ET",btc-updown-5m-1773041100,https://polymarket-upload.s3.us-east-2.amazonaws.com/BTC+fullsize.png,btc-updown-5m-1773041100,Up,0,Down,"49606104143997100168446362897411925513726061285473718133578895661353570163916","2026-03-09T00:00:00Z",1773041687
"0x2d8b401d2f0e6937afebf18e19e11ca568a5260a","49606104143997100168446362897411925513726061285473718133578895661353570163916","0x67240562070c556660e9c34c6d3b3a5d3fa7491e15646ffc2a38e75dadb5fb0a",0.247793,1946.215295,-482.258526,0.0,"Bitcoin Up or Down - March 9, 3:25AM-3:30AM ET",btc-updown-5m-1773041100,https://polymarket-upload.s3.us-east-2.amazonaws.com/BTC+fullsize.png,btc-updown-5m-1773041100,Down,1,Up,"60592351735388736491957369707782128821054070775983948166931017949105497449444","2026-03-09T00:00:00Z",1773041687
"0x2d8b401d2f0e6937afebf18e19e11ca568a5260a","84494073662291927860670183822268783899321703978073004856786939973999871963503","0xa2faec529dff480ad4bf6e9af9de1f63a5cce6493fb6553ef310272541b989b0",0.312713,2462.738585,-770.130371,0.0,"Bitcoin Up or Down - March 9, 3:20AM-3:25AM ET",btc-updown-5m-1773040800,https://polymarket-upload.s3.us-east-2.amazonaws.com/BTC+fullsize.png,btc-updown-5m-1773040800,Down,1,Up,"2800617499939457420207731065153254787692122728385055610962054292224747796775","2026-03-09T00:00:00Z",1773041287
"0x2d8b401d2f0e6937afebf18e19e11ca568a5260a","2800617499939457420207731065153254787692122728385055610962054292224747796775","0xa2faec529dff480ad4bf6e9af9de1f63a5cce6493fb6553ef310272541b989b0",0.688965,1742.815523,542.076626,1.0,"Bitcoin Up or Down - March 9, 3:20AM-3:25AM ET",btc-updown-5m-1773040800,https://polymarket-upload.s3.us-east-2.amazonaws.com/BTC+fullsize.png,btc-updown-5m-1773040800,Up,0,Down,"84494073662291927860670183822268783899321703978073004856786939973999871963503","2026-03-09T00:00:00Z",1773041287
"0x2d8b401d2f0e6937afebf18e19e11ca568a5260a","82778641869988497130342943568609392435455319706704265881849688635552544139781","0x774c0f7119535cc8cfade8650ee56169809ff016378d91c0de439724814b86c9",0.335804,3967.8455069999995,-1332.418392,0.0,"Bitcoin Up or Down - March 9, 3:15AM-3:20AM ET",btc-updown-5m-1773040500,https://polymarket-upload.s3.us-east-2.amazonaws.com/BTC+fullsize.png,btc-updown-5m-1773040500,Up,0,Down,"110885403450653186985930409528274002642861281292686532679681642659033005901490","2026-03-09T00:00:00Z",1773041087
"0x2d8b401d2f0e6937afebf18e19e11ca568a5260a","110885403450653186985930409528274002642861281292686532679681642659033005901490","0x774c0f7119535cc8cfade8650ee56169809ff016378d91c0de439724814b86c9",0.565147,3962.822479,1723.245243,1.0,"Bitcoin Up or Down - March 9, 3:15AM-3:20AM ET",btc-updown-5m-1773040500,https://polymarket-upload.s3.us-east-2.amazonaws.com/BTC+fullsize.png,btc-updown-5m-1773040500,Down,1,Up,"82778641869988497130342943568609392435455319706704265881849688635552544139781","2026-03-09T00:00:00Z",1773041087
"0x2d8b401d2f0e6937afebf18e19e11ca568a5260a","48369596863980921662351610146066295515086148797791382895126235114630969135606","0xebeb76f65d3030480b4817e2a3b492d516612a158e9475e55b722aa14d1fd8da",0.374009,5796.430329,-2167.91711,0.0,"Bitcoin Up or Down - March 9, 3:10AM-3:15AM ET",btc-updown-5m-1773040200,https://polymarket-upload.s3.us-east-2.amazonaws.com/BTC+fullsize.png,btc-updown-5m-1773040200,Up,0,Down,"17440146968801300947285220782165267166724501905705981371349100176273910869428","2026-03-09T00:00:00Z",1773040787
"0x2d8b401d2f0e6937afebf18e19e11ca568a5260a","17440146968801300947285220782165267166724501905705981371349100176273910869428","0xebeb76f65d3030480b4817e2a3b492d516612a158e9475e55b722aa14d1fd8da",0.52863,5248.355398,2473.917283,1.0,"Bitcoin Up or Down - March 9, 3:10AM-3:15AM ET",btc-updown-5m-1773040200,https://polymarket-upload.s3.us-east-2.amazonaws.com/BTC+fullsize.png,btc-updown-5m-1773040200,Down,1,Up,"48369596863980921662351610146066295515086148797791382895126235114630969135606","2026-03-09T00:00:00Z",1773040787
